ts,ts_unix,platform,market_id,title,category,mode,alerted,score,signals,triggers,side,yes_price,entry_price,vol24,depth,hours_to_close,gate_reasons,wallet,p_1h,p_6h,p_24h
2026-07-11T05:10:28Z,1783746629,kalshi,KXLOVEISLANDUSARANK-26AUG31R3-KAZA,Love Island USA S8: 3rd place couple — Kayda and Zach,entertainment,calib,0,16,price jump -5c in 0.1h,price_jump,no,0.2300,0.8000,18366,22,1232.8,thin: $22 depth < $500,,0.2800,0.1650,
2026-07-11T05:10:28Z,1783746629,kalshi,KXWORLDNEWSMENTION-26JUL10-CHAR,What will David Muir say during ABC World News Tonight? — Charlie / Kirk,other,calib,0,35,price jump -12c in 0.1h,price_jump,no,0.3550,0.6900,4546,12,344.8,not catchable: entry 4c above signal; thin: $12 depth < $500,,0.3850,0.3750,
2026-07-11T05:10:28Z,1783746629,kalshi,KXTRUMPSAYCOMPANY-26AUG01-GOOG,What companies will Trump say in July? — Google / GOOG / GOOGL,other,calib,0,35,price jump -38c in 0.1h,price_jump,no,0.2850,0.7300,1218,22,512.8,thin: $22 depth < $500,,0.2850,0.5200,
2026-07-11T05:10:28Z,1783746629,kalshi,KXFIRSTHURRICANE-26DEC01EPAC-ELI,What will be the name of the first hurricane in the Eastern Pacific this year? — Elida,other,calib,0,19,price jump +6c in 0.1h,price_jump,yes,0.6400,0.6600,1142,137,3441.8,thin: $137 depth < $500; resolves in 143d — too slow,,0.6350,0.6350,
2026-07-11T05:10:28Z,1783746629,poly,0xd25ca4fc73273e5d4b6bea24b4400fdfb63a46948e5a3f1873e861f1cb08aa64,"Will ""Moana"" Opening Weekend Box Office be greater than 44m?",entertainment,calib,0,21,price jump +6c in 0.1h,price_jump,yes,0.2400,0.2600,15746,11009,54.8,,,0.2400,0.2300,
2026-07-11T05:10:28Z,1783746629,poly,0x204266528664e23d76b74cfd83341c5aadd5ec9715c0a9be485c7a1b9b051a73,"Will ""Moana"" Opening Weekend Box Office be between 39m and 44m?",entertainment,calib,0,19,price jump -6c in 0.1h,price_jump,no,0.7150,0.2900,8161,7880,54.8,,,0.7150,,
2026-07-11T07:17:25Z,1783754245,kalshi,KXLOVEISLANDUSARANK-26AUG31R3-KAZA,Love Island USA S8: 3rd place couple — Kayda and Zach,entertainment,calib,0,16,price jump +5c in 2.1h,price_jump,yes,0.2800,0.2900,21831,1,1230.7,thin: $1 depth < $500,,0.1850,0.1950,
2026-07-11T07:17:25Z,1783754245,kalshi,KXLOVEISLANDUSARANK-26AUG31R3-MESI,Love Island USA S8: 3rd place couple — Melanie and Sincere,entertainment,calib,0,19,price jump -6c in 2.1h,price_jump,no,0.4700,0.5400,13726,8,1230.7,thin: $8 depth < $500,,0.6200,0.7550,
2026-07-11T07:17:25Z,1783754245,kalshi,KXWCAWARD-26BYP-DDOUE,Best Young Player Award Winner — Desire Doue,sports,calib,0,22,price jump -7c in 2.1h,price_jump,no,0.2700,0.7900,11371,21,486.7,not catchable: entry 6c above signal; thin: $21 depth < $500,,0.3250,0.3400,
2026-07-11T07:17:25Z,1783754245,kalshi,KXFIGHTMENTION-26JUL11MCGHOL-BLOO,What will the announcers say during Conor McGregor vs Max Holloway Fight — Blood / Bloody / Bloodied,sports,calib,0,29,price jump -9c in 2.1h,price_jump,no,0.4050,0.6000,4751,5,354.7,thin: $5 depth < $500,,0.4150,0.3700,
2026-07-11T07:17:25Z,1783754245,kalshi,KXCYCLINGTEAM-26TDFR-UAT,Tour de France Team Winner — UAE Team Emirates-XRG,sports,calib,0,27,price jump -8c in 2.1h,price_jump,no,0.4100,0.6000,4277,0,706.5,thin: $0 depth < $500,,0.4100,0.4650,
2026-07-11T07:17:25Z,1783754245,kalshi,KXWCGOALEVERYGAME-26KO-Y,World Cup: Any Player to Score a Goal in Every Knockout Stage Match,sports,calib,0,30,price jump -9c in 2.1h,price_jump,no,0.3850,0.7200,3958,212,390.7,not catchable: entry 10c above signal; thin: $212 depth < $500,,0.4000,0.4400,
2026-07-11T07:17:25Z,1783754245,kalshi,KXDIAZOUT-MDC-26AUG01,"Miguel Díaz-Canel departure announced? — Before August 1, 2026",politics,calib,0,19,price jump -6c in 2.1h,price_jump,no,0.0800,0.9300,3425,67,510.7,too late: entry 0.93 > 0.85; thin: $67 depth < $500,,0.0750,0.0750,
2026-07-11T07:17:25Z,1783754245,kalshi,KXCOINBASE-26JULVOL-280000000000,Coinbase total trading volume in Q2 — Above $280 billion,crypto,calib,0,21,price jump +7c in 2.1h,price_jump,yes,0.1500,0.1600,3016,1,3332.7,thin: $1 depth < $500; resolves in 139d — too slow,,0.1550,0.0350,
2026-07-11T07:17:25Z,1783754245,kalshi,KXTSX-26JUL31-36000,"How high will the S&P/TSX Composite Index get in July 2026? — At least 36,000",other,calib,0,30,price jump -9c in 2.1h,price_jump,no,0.5250,0.4800,2914,98,510.7,thin: $98 depth < $500,,0.5250,0.5250,
2026-07-11T07:17:25Z,1783754245,kalshi,APPLEFOLD-26DEC31,When will Apple announce foldable iPhone?,other,calib,0,16,price jump -5c in 2.1h,price_jump,no,0.8150,0.2100,2377,35,4173.7,thin: $35 depth < $500; resolves in 174d — too slow,,na,,
2026-07-11T07:17:25Z,1783754245,kalshi,KXIBOV-26JUL31-181000,"How high will the IBOVESPA get in July 2026? — At least R$181,000",other,calib,0,27,price jump -8c in 2.1h,price_jump,no,0.7550,0.2600,2212,1,510.7,thin: $1 depth < $500,,0.7450,0.7450,
2026-07-11T07:17:25Z,1783754245,kalshi,KXHOUSERACE-MD01-26-R,MD-01 House winner? — Andy Harris,politics,calib,0,35,price jump +14c in 2.1h,price_jump,yes,0.8805,0.9010,2166,37,11527.7,too late: entry 0.90 > 0.85; thin: $37 depth < $500; resolves in 480d — too slow,,0.8805,0.8940,
2026-07-11T07:17:25Z,1783754245,kalshi,KXCOINBASE-26JULVOL-240000000000,Coinbase total trading volume in Q2 — Above $240 billion,crypto,calib,0,35,price jump +20c in 2.1h,price_jump,yes,0.4350,0.4400,2139,2,3332.7,thin: $2 depth < $500; resolves in 139d — too slow,,0.4650,0.2000,
2026-07-11T07:17:25Z,1783754245,kalshi,KXTRUMPMENTIONB-26JUL09-ISRA,What will Trump say during his announcement? — Israel / Israeli,other,calib,0,29,price jump +9c in 2.1h,price_jump,yes,0.2650,0.3200,2105,1,294.7,not catchable: entry 5c above signal; thin: $1 depth < $500,,0.2350,0.2650,
2026-07-11T07:17:25Z,1783754245,kalshi,KXFIGHTMENTION-26JUL11SAIPIM-BLOO,What will the announcers say during Benoit Saint-Denis vs Paddy Pimblett Fight — Blood / Bloody / Bloodied,sports,calib,0,19,price jump -6c in 2.1h,price_jump,no,0.3450,0.6600,1823,2,354.4,thin: $2 depth < $500,,0.3450,0.3450,
2026-07-11T07:17:25Z,1783754245,kalshi,KXAAAGASMAXCA-26DEC31-6.80,How high will gas prices in California get this year? — Above $6.80,other,calib,0,18,price jump -5c in 2.1h,price_jump,no,0.2800,0.7600,1754,152,4159.6,not catchable: entry 4c above signal; thin: $152 depth < $500; resolves in 173d — too slow,,0.2750,0.2800,
2026-07-11T07:17:25Z,1783754245,kalshi,KXWCMENTION-26JUL11NORENG-RECO,What will the announcers say during Norway vs England — Record,sports,calib,0,19,price jump -6c in 2.1h,price_jump,no,0.8350,0.1700,1679,5,349.7,thin: $5 depth < $500,,0.8450,0.8250,
2026-07-11T07:17:25Z,1783754245,kalshi,KXMOPRIMARY-04D26-JHER,MO-04 Democratic nominee? — Jordan Herrera,politics,calib,0,29,price jump +9c in 2.1h,price_jump,yes,0.1350,0.2400,1313,20,11527.7,not catchable: entry 10c above signal; thin: $20 depth < $500; resolves in 480d — too slow,,0.1100,0.1650,
2026-07-11T07:17:25Z,1783754245,kalshi,KXEARNINGSMENTIONINTC-26JUL23-MOBI,What will Intel say during their next earnings call? — Mobileye,other,calib,0,35,price jump -28c in 2.1h,price_jump,no,0.5200,0.5900,1291,31,4135.7,not catchable: entry 11c above signal; thin: $31 depth < $500; resolves in 172d — too slow,,0.7150,0.7900,
2026-07-11T07:17:25Z,1783754245,kalshi,KXCOINBASE-26JULVOL-220000000000,Coinbase total trading volume in Q2 — Above $220 billion,crypto,calib,0,24,price jump +7c in 2.1h,price_jump,yes,0.4650,0.4700,1169,4,3332.7,thin: $4 depth < $500; resolves in 139d — too slow,,0.4650,0.1050,
2026-07-11T07:17:25Z,1783754245,poly,0xe93567e40b8343efe7691e0adade244943b5b293fba1d5f110b1f1ee1e34d440,Will the highest temperature in Hong Kong be 35°C on July 11?,other,calib,0,27,price jump -8c in 2.1h,price_jump,no,0.0070,0.9940,18994,4470,4.7,too late: entry 0.99 > 0.85; resolves in 5h — no lag window,,na,,
2026-07-11T07:17:25Z,1783754245,poly,0x46495362e3ab53cf014ab6050bdb4a37d3a53971097b00721b47631900b44f90,Will the highest temperature in Seoul be 33°C or higher on July 11?,other,calib,0,35,price jump -26c in 2.1h,price_jump,no,0.0265,0.9840,18192,2710,4.7,too late: entry 0.98 > 0.85; resolves in 5h — no lag window,,na,,
2026-07-11T07:17:25Z,1783754245,poly,0xad1ec51a6f12dc99c44f12195967a10db4b066076ddbdee296912ddf39b663c4,Will the highest temperature in Seoul be 32°C on July 11?,other,calib,0,35,price jump +32c in 2.1h,price_jump,yes,0.9765,0.9870,13822,327,4.7,"too late: entry 0.99 > 0.85; thin: $327 depth < $2,000; resolves in 5h — no lag window",,na,,
2026-07-11T07:17:25Z,1783754245,poly,0x163a6bd4660e841747157f9ca5ea880feaeefd1be0775345ebe706a4a7d7cf81,Will the highest temperature in Hong Kong be 34°C on July 11?,other,calib,0,35,price jump +20c in 2.1h,price_jump,yes,0.8450,0.8600,12189,913,4.7,"too late: entry 0.86 > 0.85; thin: $913 depth < $2,000; resolves in 5h — no lag window",,na,,
2026-07-11T09:45:34Z,1783763134,kalshi,KXTRUMPSAYCOMPANY-26AUG01-GOOG,What companies will Trump say in July? — Google / GOOG / GOOGL,other,calib,0,35,price jump +25c in 2.5h,price_jump,yes,0.5300,0.5700,53481,3,508.2,not catchable: entry 4c above signal; thin: $3 depth < $500,,0.5200,,
2026-07-11T09:45:34Z,1783763134,kalshi,KXLOVEISLANDUSARANK-26AUG31RTOP3-MESI,Love Island USA S8: Top 3 Couples — Melanie and Sincere,entertainment,calib,0,35,price jump +11c in 2.5h,price_jump,yes,0.8000,0.8100,31072,15,1228.2,thin: $15 depth < $500,,0.8200,,
2026-07-11T09:45:34Z,1783763134,kalshi,KXLOVEISLANDUSARANK-26AUG31R2-KAZA,Love Island USA S8: 2nd place couple — Kayda and Zach,entertainment,calib,0,16,price jump -5c in 2.5h,price_jump,no,0.0350,0.9800,29546,18,1228.2,too late: entry 0.98 > 0.85; thin: $18 depth < $500,,0.0750,,
2026-07-11T09:45:34Z,1783763134,kalshi,KXLOVEISLANDUSARANK-26AUG31R3-KAZA,Love Island USA S8: 3rd place couple — Kayda and Zach,entertainment,calib,0,30,price jump -10c in 2.5h,price_jump,no,0.1850,0.8700,23812,43,1228.2,too late: entry 0.87 > 0.85; not catchable: entry 6c above signal; thin: $43 depth < $500,,0.1650,,
2026-07-11T09:45:34Z,1783763134,kalshi,KXLOVEISLANDUSARANK-26AUG31R3-MESI,Love Island USA S8: 3rd place couple — Melanie and Sincere,entertainment,calib,0,35,price jump +15c in 2.5h,price_jump,yes,0.6200,0.6500,14737,1,1228.2,thin: $1 depth < $500,,0.6900,,
2026-07-11T09:45:34Z,1783763134,kalshi,KXLOVEISLANDUSARANK-26AUG31R3-ANCAR,Love Island USA S8: 3rd place couple — Aniya and Carl,entertainment,calib,0,18,price jump +5c in 2.5h,price_jump,yes,0.2400,0.2500,12464,426,1228.2,thin: $426 depth < $500,,0.1750,,
2026-07-11T09:45:34Z,1783763134,kalshi,KXTRUMPMENTIONB-26JUL09-NUCL,What will Trump say during his announcement? — Nuclear,other,calib,0,35,price jump +14c in 2.5h,price_jump,yes,0.6200,0.6400,11889,1,292.2,thin: $1 depth < $500,,0.6350,,
2026-07-11T09:45:34Z,1783763134,kalshi,KXWCAWARD-26BYP-DDOUE,Best Young Player Award Winner — Desire Doue,sports,calib,0,18,price jump +5c in 2.5h,price_jump,yes,0.3250,0.3300,11327,31,484.2,thin: $31 depth < $500,,0.3500,,
2026-07-11T09:45:34Z,1783763134,kalshi,KXTRUMPMENTIONB-26JUL09-OIL,What will Trump say during his announcement? — Oil,other,calib,0,21,price jump +7c in 2.5h,price_jump,yes,0.5700,0.6100,10951,21,292.2,not catchable: entry 4c above signal; thin: $21 depth < $500,,0.5700,,
2026-07-11T09:45:34Z,1783763134,kalshi,KXTRUMPMENTIONB-26JUL09-BIDE,What will Trump say during his announcement? — Biden,other,calib,0,35,price jump +15c in 2.5h,price_jump,yes,0.6100,0.6200,9173,24,292.2,thin: $24 depth < $500,,0.6350,,
2026-07-11T09:45:34Z,1783763134,kalshi,KXWCMENTION-MENWORLDCUP-REDC,What will the announcers say during the FIFA World Cup Final — Red Card,sports,calib,0,32,price jump +10c in 2.5h,price_jump,yes,0.5050,0.5100,6160,48,537.2,thin: $48 depth < $500,,0.5050,,
2026-07-11T09:45:34Z,1783763134,kalshi,KXRAINMIAM-26JUL-3,Rain in Miami in Jul 2026? — Above 3 inches,other,calib,0,18,price jump +6c in 2.5h,price_jump,yes,0.9350,0.9400,4248,141,498.2,too late: entry 0.94 > 0.85; thin: $141 depth < $500,,0.9350,,
2026-07-11T09:45:34Z,1783763134,kalshi,KXPGATOP5-GESO26-TKIM,Genesis Scottish Open: Top 5 Finishers — Tom Kim,sports,calib,0,22,price jump -7c in 2.5h,price_jump,no,0.4150,0.6000,3543,20,686.2,thin: $20 depth < $500,,0.4100,,
2026-07-11T09:45:34Z,1783763134,kalshi,KXTSX-26DEC31-37000,"How high will the S&P/TSX Composite Index get in 2026? — At least 37,000",other,calib,0,35,price jump -11c in 2.5h,price_jump,no,0.7150,0.3600,2114,3,4181.2,not catchable: entry 8c above signal; thin: $3 depth < $500; resolves in 174d — too slow,,0.6550,,
2026-07-11T09:45:34Z,1783763134,kalshi,KXFRONTIER-FRON-26SEP01,When will AI solve another Frontier Math Problem? — Before September,other,calib,0,30,price jump -9c in 2.5h,price_jump,no,0.5600,0.4500,2057,8,1252.2,thin: $8 depth < $500,,0.5650,,
2026-07-11T09:45:34Z,1783763134,kalshi,KXPGATOP20-GESO26-ELOP,Genesis Scottish Open: Top 20 Finishers — Eugenio Lopez-Chacarra,sports,calib,0,35,price jump -11c in 2.5h,price_jump,no,0.1050,1.0000,1445,0,686.2,too late: entry 1.00 > 0.85; not catchable: entry 10c above signal; thin: $0 depth < $500,,0.1050,,
2026-07-11T09:45:34Z,1783763134,kalshi,KXEARNINGSMENTIONINTC-26JUL23-MOBI,What will Intel say during their next earnings call? — Mobileye,other,calib,0,35,price jump +19c in 2.5h,price_jump,yes,0.7150,0.8500,1322,5,4133.2,not catchable: entry 14c above signal; thin: $5 depth < $500; resolves in 172d — too slow,,0.7650,,
2026-07-11T09:45:34Z,1783763134,kalshi,KXTRUMPMENTIONB-26JUL09-TARI,What will Trump say during his announcement? — Tariff,politics,calib,0,32,price jump +10c in 2.5h,price_jump,yes,0.2750,0.3200,1112,1,292.2,not catchable: entry 4c above signal; thin: $1 depth < $500,,0.2600,,
2026-07-11T09:45:34Z,1783763134,poly,0xe0e9da7c201618f2595bce5be81936927fe46c157a6e1583a87b57b622396599,Will the highest temperature in Chengdu be 31°C on July 11?,other,calib,0,35,price jump +20c in 2.5h,price_jump,yes,0.9870,0.9940,17296,1307,2.2,"too late: entry 0.99 > 0.85; thin: $1,307 depth < $2,000; resolves in 2h — no lag window",,,,
2026-07-11T09:45:34Z,1783763134,poly,0x0a7df5d198e78b82e203ed9218a2039e9232626ae7a0582ea73c67e4bedd05af,Will fewer than 150 ships transit the Strait of Hormuz between July 6-July 12?,other,calib,0,29,price jump -9c in 2.5h,price_jump,no,0.4815,0.5250,12464,39441,38.2,,,0.5355,,
2026-07-11T09:45:34Z,1783763134,poly,0x8c5f2092477f070c8fa6feb11a080436a47144a49665519b787d0f2a4fb27b82,"Will ""Toy Story 5"" 4th Weekend Box Office be less than 19m?",entertainment,calib,0,20,price jump +6c in 2.5h,price_jump,yes,0.9440,0.9690,9582,10099,38.2,too late: entry 0.97 > 0.85,,0.9590,,
2026-07-11T12:00:39Z,1783771240,kalshi,KXLOVEISLANDUSARANK-26AUG31RTOP3-KAZA,Love Island USA S8: Top 3 Couples — Kayda and Zach,entertainment,calib,0,47,price jump -10c in 2.3h + outsized impact (8x baseline move-per-volume),price_impact+price_jump,no,0.2050,0.8500,38870,4,1226.0,not catchable: entry 6c above signal; thin: $4 depth < $500,,0.2400,,
2026-07-11T12:00:39Z,1783771240,kalshi,KXLOVEISLANDUSARANK-26AUG31R2-TRBR,Love Island USA S8: 2nd place couple — Trinity and Bryce,entertainment,calib,0,49,price jump +10c in 2.3h + outsized impact (37x baseline move-per-volume),price_impact+price_jump,yes,0.1900,0.2200,26747,1,1226.0,thin: $1 depth < $500,,0.0550,,
2026-07-11T12:00:39Z,1783771240,kalshi,KXLOVEISLANDUSARANK-26AUG31R2-MESI,Love Island USA S8: 2nd place couple — Melanie and Sincere,entertainment,calib,0,24,price jump -7c in 2.3h,price_jump,no,0.1600,0.8600,24568,10,1226.0,too late: entry 0.86 > 0.85; thin: $10 depth < $500,,0.1350,,
2026-07-11T12:00:39Z,1783771240,kalshi,KXRATECUT-26DEC31,Fed rate cut before 2027?,other,calib,0,35,volume spike (607x baseline),volume_spike,yes,0.2475,0.2630,18865,1,4169.0,thin: $1 depth < $500; resolves in 174d — too slow,,0.2475,,
2026-07-11T12:00:39Z,1783771240,kalshi,KXLOVEISLANDUSARANK-26AUG31R3-MESI,Love Island USA S8: 3rd place couple — Melanie and Sincere,entertainment,calib,0,35,price jump +7c in 2.3h + outsized impact (8x baseline move-per-volume),price_impact+price_jump,yes,0.6900,0.7100,15940,1,1226.0,thin: $1 depth < $500,,0.7550,,
2026-07-11T12:00:39Z,1783771240,kalshi,KXWCROUND-26SEMI-ENG,FIFA World Cup Semifinals Qualifiers — England,sports,calib,0,35,volume spike (6x baseline),volume_spike,yes,0.6450,0.6500,15801,7302,554.0,,,0.6450,,
2026-07-11T12:00:39Z,1783771240,kalshi,SENATETX-26-D,Texas Senate winner? — James Talarico,politics,calib,0,35,volume spike (17x baseline),volume_spike,yes,0.4250,0.4300,15302,1435,11523.0,resolves in 480d — too slow,,0.4250,,
2026-07-11T12:00:39Z,1783771240,kalshi,KXWCMENTION-26JUL11ARGSUI-GOLD,What will the announcers say during Argentina vs Switzerland — Golden Boot,sports,calib,0,35,volume spike (6x baseline),volume_spike,yes,0.9550,0.9600,10721,226,349.0,too late: entry 0.96 > 0.85; thin: $226 depth < $500,,0.9550,,
2026-07-11T12:00:39Z,1783771240,kalshi,SENATEMI-26-D,Michigan Senate winner? — Democratic party,politics,calib,0,35,volume spike (8x baseline),volume_spike,yes,0.6950,0.7000,10055,2484,11523.0,resolves in 480d — too slow,,0.6950,,
2026-07-11T12:00:39Z,1783771240,kalshi,KXWCADS-26JUL19-ADID,Which brands will advertise during the World Soccer Cup Final — Adidas,other,calib,0,35,volume spike (7x baseline),volume_spike,yes,0.9150,0.9200,8586,12,8954.0,too late: entry 0.92 > 0.85; thin: $12 depth < $500; resolves in 373d — too slow,,0.9450,,
2026-07-11T12:00:39Z,1783771240,kalshi,KXWCMENTION-26JUL11ARGSUI-CHAM,What will the announcers say during Argentina vs Switzerland — Champion,sports,calib,0,35,volume spike (42x baseline),volume_spike,yes,0.9750,0.9800,7332,5463,349.0,too late: entry 0.98 > 0.85,,0.9750,,
2026-07-11T12:00:39Z,1783771240,kalshi,KXWCMENTION-26JUL11NORENG-PENA,What will the announcers say during Norway vs England — Penalty Kick,sports,calib,0,22,price jump +7c in 2.3h,price_jump,yes,0.6050,0.6100,6457,1,345.0,thin: $1 depth < $500,,0.5950,,
2026-07-11T12:00:39Z,1783771240,kalshi,KXPGATOP20-GESO26-CGOT,Genesis Scottish Open: Top 20 Finishers — Chris Gotterup,sports,calib,0,35,volume spike (12x baseline),volume_spike,no,0.7650,0.2600,6037,16,684.0,thin: $16 depth < $500,,0.7450,,
2026-07-11T12:00:39Z,1783771240,kalshi,KXWCMENTION-26JUL11NORENG-MARA,What will the announcers say during Norway vs England — Maradona / Pelé,sports,calib,0,35,volume spike (18x baseline),volume_spike,yes,0.2750,0.2800,5810,61,345.0,thin: $61 depth < $500,,0.2750,,
2026-07-11T12:00:39Z,1783771240,kalshi,KXPGATOP10-GESO26-WCLA,Genesis Scottish Open: Top 10 Finishers — Wyndham Clark,sports,calib,0,11,outsized impact (6x baseline move-per-volume),price_impact,no,0.4400,0.5700,5174,23,684.0,thin: $23 depth < $500,,0.4550,,
2026-07-11T12:00:39Z,1783771240,kalshi,KXSPACEXSTARSHIP-13-26JUL16,SpaceX Starship 13th launch? — Before July 17th,other,calib,0,18,price jump -5c in 2.3h,price_jump,no,0.3350,0.6700,5158,123,136.0,thin: $123 depth < $500,,0.2700,,
2026-07-11T12:00:39Z,1783771240,kalshi,KXPGATOP20-GESO26-WCLA,Genesis Scottish Open: Top 20 Finishers — Wyndham Clark,sports,calib,0,35,volume spike (65x baseline),volume_spike,yes,0.7050,0.7100,5117,4189,684.0,,,0.7150,,
2026-07-11T12:00:39Z,1783771240,kalshi,KXPGATOP20-GESO26-THAT,Genesis Scottish Open: Top 20 Finishers — Tyrrell Hatton,sports,calib,0,49,price jump +10c in 2.3h + outsized impact (39x baseline move-per-volume),price_impact+price_jump,yes,0.5650,0.6100,4882,26,684.0,not catchable: entry 5c above signal; thin: $26 depth < $500,,0.4800,,
2026-07-11T12:00:39Z,1783771240,kalshi,KXWCMENTION-26JUL11ARGSUI-QATA,What will the announcers say during Argentina vs Switzerland — Qatar,sports,calib,0,10,outsized impact (5x baseline move-per-volume),price_impact,yes,0.3850,0.3900,4277,26,349.0,thin: $26 depth < $500,,0.3750,,
2026-07-11T12:00:39Z,1783771240,kalshi,KXIPO-26-ANTHROPIC,Which companies will officially announce an IPO this year? — Anthropic,other,calib,0,35,volume spike (30x baseline),volume_spike,yes,0.7250,0.7300,3980,26,4169.0,thin: $26 depth < $500; resolves in 174d — too slow,,0.7150,,
2026-07-11T12:00:39Z,1783771240,kalshi,KXPGATOP10-GESO26-TKIM,Genesis Scottish Open: Top 10 Finishers — Tom Kim,sports,calib,0,35,volume spike (211x baseline),volume_spike,no,0.6150,0.4000,3412,2334,684.0,,,0.6250,,
2026-07-11T12:00:39Z,1783771240,kalshi,KXPGATOP20-GESO26-JTHO,Genesis Scottish Open: Top 20 Finishers — Justin Thomas,sports,calib,0,50,price jump +13c in 2.3h + outsized impact (56x baseline move-per-volume),price_impact+price_jump,yes,0.6000,0.6400,2920,6,684.0,not catchable: entry 4c above signal; thin: $6 depth < $500,,0.4750,,
2026-07-11T12:00:39Z,1783771240,kalshi,KXSPACEXCOUNT-26JUL-12,How many launches will SpaceX have in July? — Above 12,other,calib,0,35,volume spike (19x baseline),volume_spike,yes,0.9450,0.9500,2656,27,506.0,too late: entry 0.95 > 0.85; thin: $27 depth < $500,,0.9350,,
2026-07-11T12:00:39Z,1783771240,kalshi,KXPGAR3LEAD-ISC26-LGLO,ISCO Championship End of Round 3 Leader — Lucas Glover,sports,calib,0,35,price jump +17c in 2.3h,price_jump,yes,0.3550,0.3600,2635,4,348.0,thin: $4 depth < $500,,0.4250,,
2026-07-11T12:00:39Z,1783771240,kalshi,KXCOINBASE-26JULVOL-250000000000,Coinbase total trading volume in Q2 — Above $250 billion,crypto,calib,0,35,price jump -14c in 2.3h,price_jump,no,0.3300,0.7700,2458,80,3328.0,not catchable: entry 10c above signal; thin: $80 depth < $500; resolves in 139d — too slow,,0.0750,,
2026-07-11T12:00:39Z,1783771240,kalshi,KXPGATOP10-GESO26-THAT,Genesis Scottish Open: Top 10 Finishers — Tyrrell Hatton,sports,calib,0,22,price jump +7c in 2.3h,price_jump,yes,0.3150,0.3300,2306,428,684.0,thin: $428 depth < $500,,0.2500,,
2026-07-11T12:00:39Z,1783771240,kalshi,KXPGATOP20-GESO26-TFLE,Genesis Scottish Open: Top 20 Finishers — Tommy Fleetwood,sports,calib,0,24,price jump +8c in 2.3h,price_jump,yes,0.5350,0.6300,2289,1,684.0,not catchable: entry 9c above signal; thin: $1 depth < $500,,0.4300,,
2026-07-11T12:00:39Z,1783771240,kalshi,KXPGATOP10-GESO26-JTHO,Genesis Scottish Open: Top 10 Finishers — Justin Thomas,sports,calib,0,30,price jump +10c in 2.3h,price_jump,yes,0.3100,0.4100,1187,2,684.0,not catchable: entry 10c above signal; thin: $2 depth < $500,,0.1800,,
2026-07-11T12:00:39Z,1783771240,kalshi,KXTRUMPMENTIONB-26JUL09-STOC,What will Trump say during his announcement? — Stock Market,other,calib,0,35,price jump +30c in 2.3h,price_jump,yes,0.7250,0.7700,1148,10,290.0,not catchable: entry 4c above signal; thin: $10 depth < $500,,0.7000,,
2026-07-11T12:00:39Z,1783771240,poly,0x7b52405ad0e0d31bfe970940b67d77f24ecedeab8a2361c11148c02a006e325c,Will Norway win the 2026 FIFA World Cup?,sports,calib,1,68,"volume spike (4x baseline) + $4,794 single trade (into YES, 418x typical) + fresh wallet (<3d old) loading up + out of character (51x this wallet's typical size)",fresh_wallet+large_trade+volume_spike+within_trader,yes,0.0605,0.0610,3796322,4872122,204.0,,0x4e73ac0d5566022622b93246b4daf733319c67e6,0.0585,,
2026-07-11T12:00:39Z,1783771240,poly,0xdbbbbd6ea71cad296d859aa629497400402ab253a51350bddd5d761dbbad1460,Will Norway vs. England end in a draw?,sports,calib,M,73,"volume spike (11x baseline) + $77,250 single trade (into YES, 9778x typical) + out of character (3524x this wallet's typical size)",large_trade+volume_spike+within_trader,yes,0.2562,0.2575,1108506,2710005,9.0,resolves in 9h — no lag window,0xe549581668a5751c1972d3ad2d1991d900bd2d54,0.2562,,
2026-07-11T12:00:39Z,1783771240,poly,0x7f695758278e6d4d9e63df862afa88d664d3402a3d26e4d32ae05121cdbddba6,Will Kim Kardashian win the 2028 US Presidential Election?,entertainment,calib,0,58,"volume spike (215x baseline) + $2,077 single trade (against YES, 174x typical) + out of character (27151x this wallet's typical size)",large_trade+volume_spike+within_trader,no,0.0065,0.9940,364112,1851284,20388.0,too late: entry 0.99 > 0.85; resolves in 849d — too slow,0xb4f2f0c858566fef705edf8efc1a5e9fba307862,0.0065,,
2026-07-11T12:00:39Z,1783771240,poly,0x8bf1c1536ecb1c08fe13c6b71e8ab1f58bf3461c4cb79f5f1679f869a06aef86,Will there be no change in Fed interest rates after the July 2026 meeting?,other,calib,1,73,"volume spike (22x baseline) + $13,009 single trade (into YES, 834x typical) + out of character (873x this wallet's typical size)",large_trade+volume_spike+within_trader,yes,0.7800,0.7900,306066,575095,420.0,,0xe9076a87c5ed90ef16e6fe6529c943baeca0cff6,0.7850,,
2026-07-11T12:00:39Z,1783771240,poly,0x0f8ef3cc906ba7ba94a44724738df44bdd5f73e59e40c9c8b4ff8569e349643c,Will Kim Kardashian win the 2028 Democratic presidential nomination?,entertainment,calib,0,66,"volume spike (114x baseline) + $1,200 single trade (against YES, 80x typical) + repeat actor (2 flags) + out of character (15686x this wallet's typical size)",large_trade+repeat_actor+volume_spike+within_trader,no,0.0065,0.9940,227909,2906972,20388.0,too late: entry 0.99 > 0.85; resolves in 849d — too slow,0xb4f2f0c858566fef705edf8efc1a5e9fba307862,0.0065,,
2026-07-11T12:00:39Z,1783771240,poly,0x125c399641397f7b7cc111f3729999e32154a916deb1161527af031decde1f77,Will France reach the 2026 FIFA World Cup final?,sports,calib,1,65,"volume spike (8x baseline) + $13,588 single trade (into YES, 1742x typical)",large_trade+volume_spike,yes,0.6050,0.6100,217902,435125,204.0,,0xec3c3994796e549fa433861ab872e991c2d35dc4,0.5950,,
2026-07-11T12:00:39Z,1783771240,poly,0x3f656230866732b8d6f7ecb64313786ae988a21c416960bfceac00f693637f9f,Erling Haaland: 1+ goals,sports,calib,0,47,"volume spike (14x baseline) + $736 single trade (into YES, 79x typical)",large_trade+volume_spike,yes,0.4650,0.4700,182692,222618,9.0,resolves in 9h — no lag window,0xa7f107b28b474876f78ee37d724313897798b052,0.4650,,
2026-07-11T12:00:39Z,1783771240,poly,0xeee4eed57180948422c259a91e74d8a6742c65878181ca9ca122975ed11d2b48,"Will Samuel Alito announce his retirement by July 15, 2026?",other,calib,0,26,volume spike (4x baseline),volume_spike,yes,0.0155,0.0160,156244,207559,4164.0,longshot: entry 0.02 < 0.05; resolves in 173d — too slow,,0.0435,,
2026-07-11T12:00:39Z,1783771240,poly,0xab686ea7ac743072c76206bf605e32076b413fb13dee9962209641601e580588,Exact Score: Argentina 3 - 1 Switzerland?,sports,calib,0,47,"volume spike (3x baseline) + $1,500 single trade (into YES, 315x typical) + fresh wallet (<3d old) loading up",fresh_wallet+large_trade+volume_spike,yes,0.0550,0.0600,148779,1512410,13.0,resolves in 13h — no lag window,0x817a887d7f9ea373a3337c8c520fd3e9bee90266,0.0550,,
2026-07-11T12:00:39Z,1783771240,poly,0xe3829381f51ef07bc79fa71605d413f4b16ff8d0bc491bf0ef587ef65311e582,Will A Nation That Has Never Won the World Cup Win in 2026?,sports,calib,1,69,"volume spike (29x baseline) + $7,289 single trade (into YES, 827x typical) + out of character (172x this wallet's typical size)",large_trade+volume_spike+within_trader,yes,0.0650,0.0700,147037,762661,208.0,,0xc6628e0ca87e439bba57294dc8fd7a503a7bb919,0.0650,,
2026-07-11T12:00:39Z,1783771240,poly,0x60c2c085ee8c16bc8f2419739a94971d4c9d00f637ead10fc0f540afa1be64e8,Strait of Hormuz traffic returns to normal by August 31?,other,calib,1,73,"volume spike (11x baseline) + $15,795 single trade (against YES, 1779x typical) + out of character (356x this wallet's typical size)",large_trade+volume_spike+within_trader,no,0.2150,0.7900,128494,140179,1212.0,,0x8c66e28fbe7ede7f57ba6cbc70408dff442944f3,0.2550,,
2026-07-11T12:00:39Z,1783771240,poly,0x1f5ed2af66a46fe492001aba482f8196112a6ce4946f5159525b30e9ccc4ac60,Exact Score: Argentina 2 - 1 Switzerland?,sports,calib,0,31,"volume spike (3x baseline) + $1,000 single trade (into YES, 200x typical)",large_trade+volume_spike,yes,0.1050,0.1100,121062,1534862,13.0,resolves in 13h — no lag window,0x34a5bec41c0d593edee96fb1405e07ccf4529450,0.1050,,
2026-07-11T12:00:39Z,1783771240,poly,0x8e6729df6360f09a68a6464de5d62a022dee2ce2f98c4f6b95c93b872e2e11f4,"Will Elon Musk post 90-114 tweets from July 9 to July 11, 2026?",other,calib,0,34,volume spike (6x baseline),volume_spike,yes,0.0275,0.0290,119624,7501,4.0,longshot: entry 0.03 < 0.05; resolves in 4h — no lag window,,0.0220,,
2026-07-11T12:00:39Z,1783771240,poly,0x30cfb887558b20373a984da60c372fe5a90c0296aa6d8bb413a8aa7543846da2,Will Bernie Sanders win the 2028 Democratic presidential nomination?,politics,calib,0,57,"volume spike (39x baseline) + $700 single trade (against YES, 46x typical) + repeat actor (3 flags)",large_trade+repeat_actor+volume_spike,no,0.0075,0.9930,118624,1741219,20388.0,too late: entry 0.99 > 0.85; resolves in 849d — too slow,0xb4f2f0c858566fef705edf8efc1a5e9fba307862,0.0075,,
2026-07-11T12:00:39Z,1783771240,poly,0xb838caec0354e09985f2c228c54ba190cb284f390beda5ffd58d163ba00648ec,"US x Iran diplomatic meeting by July 31, 2026?",other,calib,1,66,"volume spike (13x baseline) + price jump -6c in 2.3h + $646 single trade (against YES, 92x typical)",large_trade+price_jump+volume_spike,no,0.4750,0.5300,93499,62547,492.0,,0x876bb030ddd424ef505ae02914024cf18c6a1703,0.4450,,
2026-07-11T12:00:39Z,1783771240,poly,0x95a7c8f39ccda84bf59b54c474f2a006cbc4167737630365f416670466b37ab9,Will Nigel Farage win the Clacton by-election?,politics,calib,M,67,"volume spike (14x baseline) + $6,460 single trade (against YES, 778x typical) + out of character (64x this wallet's typical size)",large_trade+volume_spike+within_trader,no,0.9180,0.0830,86767,242472,8508.0,resolves in 354d — too slow,0xa7cc00c563726032007221e827bbf7fdb6d7644e,0.9200,,
2026-07-11T12:00:39Z,1783771240,poly,0xbbbece074c2d4010e39e39c85ed67b1131180fcea616073c893fb6beaf51d783,Will Michelle Obama win the 2028 US Presidential Election?,politics,calib,0,35,volume spike (6x baseline),volume_spike,yes,0.0075,0.0080,77736,1524344,20388.0,longshot: entry 0.01 < 0.05; resolves in 849d — too slow,,0.0075,,
2026-07-11T12:00:39Z,1783771240,poly,0x05ec6874762eab8b8fb5456bbc784b8e93ace110970b299ab520bdf9fd1d5c0e,Exact Score: Argentina 3 - 2 Switzerland?,sports,calib,0,45,"volume spike (4x baseline) + $4,024 single trade (against YES, 1066x typical)",large_trade+volume_spike,no,0.0225,0.9780,77237,212987,13.0,too late: entry 0.98 > 0.85; resolves in 13h — no lag window,0x204f72f35326db932158cba6adff0b9a1da95e14,0.0220,,
2026-07-11T12:00:39Z,1783771240,poly,0xd92bc27584a025ecd9d7dc273fca9321a725436fa5f3be0a21cc1b94a7cd1207,Lionel Messi: 1+ goals,sports,calib,0,22,volume spike (4x baseline),volume_spike,yes,0.5150,0.5200,73985,187760,13.0,resolves in 13h — no lag window,,0.5050,,
2026-07-11T12:00:39Z,1783771240,poly,0xd595eb9b81885ff018738300c79047e3ec89e87294424f57a29a7fa9162bf116,Will Trump acquire Greenland before 2027?,other,calib,0,65,"volume spike (77x baseline) + $20,000 single trade (against YES, 4016x typical)",large_trade+volume_spike,no,0.0415,0.9590,73827,251969,4140.0,too late: entry 0.96 > 0.85; resolves in 172d — too slow,0xd5c1d2f52eb8c7dcd128d1dfa7f12926b1fa5280,0.0425,,
2026-07-11T12:00:39Z,1783771240,poly,0x2cf05a77df6221b25cec9f4e4abbe550e868d232103399d9587c1bf19770fbfe,Exact Score: Argentina 3 - 0 Switzerland?,sports,calib,0,58,"volume spike (9x baseline) + $1,000 single trade (into YES, 105x typical) + repeat actor (2 flags)",large_trade+repeat_actor+volume_spike,yes,0.0550,0.0600,73177,1578001,13.0,resolves in 13h — no lag window,0x34a5bec41c0d593edee96fb1405e07ccf4529450,0.0550,,
2026-07-11T12:00:39Z,1783771240,poly,0xed5356b5d6f3b0d1095e21d586214de01b438ccb8d0ae5c59b55647d8fc95e97,Will OpenAI have the best AI model at the end of July 2026?,other,calib,0,35,volume spike (7x baseline),volume_spike,yes,0.0190,0.0240,73080,68995,468.0,longshot: entry 0.02 < 0.05,,0.0135,,
2026-07-11T12:00:39Z,1783771240,poly,0x537483918b0ad440d8d149e53482a87614057671a5aee9af09010713659f6ab2,"Will Elon Musk post 65-89 tweets from July 9 to July 11, 2026?",other,calib,0,35,volume spike (6x baseline),volume_spike,no,0.9705,0.0300,70768,5228,4.0,longshot: entry 0.03 < 0.05; resolves in 4h — no lag window,,0.9785,,
2026-07-11T12:00:39Z,1783771240,poly,0x7c11c14664000e9a338d1b2a112d9aba06bc37c900daf52b0df4372ab32367de,"Will Bitcoin reach $80,000 in July?",crypto,calib,0,50,"volume spike (285x baseline) + $2,000 single trade (against YES, 100x typical)",large_trade+volume_spike,no,0.0135,0.9870,68547,67792,496.0,too late: entry 0.99 > 0.85,0x04cf3a55f559bd617163a73cfc460e8954a75224,0.0135,,
2026-07-11T12:00:39Z,1783771240,poly,0xa37edbac74383987e7b3c4e25360c223207b5f8ffdaaddea7e6e62ab2aa0d56a,Will Iran announce withdrawal from MOU negotiations by July 17?,other,calib,0,65,"volume spike (120x baseline) + $20,763 single trade (against YES, 2657x typical)",large_trade+volume_spike,no,0.0550,0.9500,68165,34962,156.0,too late: entry 0.95 > 0.85,0x753b1d29c8df7ba08daa79b306727d0543469f35,0.0450,,
2026-07-11T12:00:39Z,1783771240,poly,0x636aaf7225ed216be97a82324f61db41b4b4974ef78e6039ea4f40ac39a4e79c,Erling Haaland: 2+ goals,sports,calib,0,49,"volume spike (7x baseline) + $1,400 single trade (into YES, 280x typical)",large_trade+volume_spike,yes,0.1450,0.1500,62266,98042,9.0,resolves in 9h — no lag window,0x18e619f8113986b93e8b23ee8de25bad919ed83d,0.1350,,
2026-07-11T12:00:39Z,1783771240,poly,0x253676d94edd8f3e92060410bec8bca9117890d117d06664d31867db0e396c56,Mojtaba Khamenei seen in public by July 31?,other,calib,1,49,"volume spike (17x baseline) + $1,606 single trade (into YES, 338x typical)",large_trade+volume_spike,yes,0.0550,0.0600,61660,41742,468.0,,0x08458f7e9d2858027de579e4c3ca305475496b6f,0.0650,,
2026-07-11T12:00:39Z,1783771240,poly,0x14272984bc3c6a49e9c6141e93b2b6534573765ec89c438986f26151ccfa3d3c,Will Pohang Steelers FC win on 2026-07-11?,sports,calib,0,50,"price jump +38c in 2.3h + $2,000 single trade (into YES, 154x typical)",large_trade+price_jump,yes,0.9600,0.9690,59316,53047,,too late: entry 0.97 > 0.85,0x478967faf43441e727fada3eb86d92380197994a,,,
2026-07-11T12:00:39Z,1783771240,poly,0x0df800308c8ee9e5262b983a7a40746da434e6fa9fbdda5365807bfdf9e114d7,"Will Elon Musk post 160-179 tweets from July 7 to July 14, 2026?",other,calib,0,48,"volume spike (6x baseline) + $1,001 single trade (against YES, 1001x typical)",large_trade+volume_spike,no,0.0075,0.9930,57107,35965,76.0,too late: entry 0.99 > 0.85,0xb0c39ad30b62f38f2b7f63858302db5cb8fd38bc,,,
2026-07-11T12:00:39Z,1783771240,poly,0x0f92a28537174aeda278dae3a8733bd06b7f8413c1b5a8c8d0b7fee70d2b7f9e,Erling Haaland: 3+ goals,sports,calib,0,35,volume spike (17x baseline),volume_spike,yes,0.0315,0.0320,51832,72915,9.0,longshot: entry 0.03 < 0.05; resolves in 9h — no lag window,,0.0315,,
2026-07-11T12:00:39Z,1783771240,poly,0x558d672818eb9348ca8452331957f905cc4ef9d56c66de71aebe861602d2bee9,"Will Bitcoin reach $66,000 July 6-12?",crypto,calib,0,19,volume spike (3x baseline),volume_spike,no,0.0450,0.9600,48569,25512,40.0,too late: entry 0.96 > 0.85,,0.0700,,
2026-07-11T12:00:39Z,1783771240,poly,0x6a6f6822f49f8694e5ac8aed8d16e6317f6d94ba4cf71b528ee6684b8af7f75d,England leading at halftime?,sports,calib,0,35,volume spike (7x baseline),volume_spike,yes,0.3550,0.3600,44905,422676,9.0,resolves in 9h — no lag window,,0.3550,,
2026-07-11T12:00:39Z,1783771240,poly,0xee73598fe623e4ef90bcbad595ac90c365854cb8ea234a8b8d6f4fed74bfb660,Exact Score: Argentina 2 - 2 Switzerland?,sports,calib,0,44,"volume spike (3x baseline) + $2,711 single trade (against YES, 403x typical) + repeat actor (2 flags)",large_trade+repeat_actor+volume_spike,no,0.0420,0.9590,44441,158508,13.0,too late: entry 0.96 > 0.85; resolves in 13h — no lag window,0x204f72f35326db932158cba6adff0b9a1da95e14,0.0415,,
2026-07-11T12:00:39Z,1783771240,poly,0xbca0b596e44dd239eeafdda4a3621ef73d76b07d3f4752e2bf8d7229fecda288,"Will the price of Bitcoin be above $62,000 on July 12?",crypto,calib,0,37,"volume spike (4x baseline) + $900 single trade (into YES, 183x typical)",large_trade+volume_spike,yes,0.9790,0.9800,43177,32087,28.0,too late: entry 0.98 > 0.85,0x53f6a6fe23cfbbed984f093a022f42502b68c198,0.9815,,
2026-07-11T12:00:39Z,1783771240,poly,0x36db77c539bcc8c7bf0686c1b99f30c5a5eed1f53d3b3a27a071550c81f83701,Will Mark Kelly win the 2028 Democratic presidential nomination?,politics,calib,0,35,volume spike (46x baseline),volume_spike,no,0.0095,0.9910,42820,622191,20388.0,too late: entry 0.99 > 0.85; resolves in 849d — too slow,,0.0095,,
2026-07-11T12:00:39Z,1783771240,poly,0x13dae092813125bf5e892a59dac2154e0fdb6aff600a3996ed0ab3b07d68e683,"Will Bitcoin reach $77,500 in July?",crypto,calib,0,35,volume spike (11x baseline),volume_spike,no,0.0210,0.9800,41781,87628,496.0,too late: entry 0.98 > 0.85,,0.0205,,
2026-07-11T12:00:39Z,1783771240,poly,0x7b91997c6c8ca00643ab322f63af50acf1a0e9b86be130b67e5a19005215e252,Will the Communist Party of the Russian Federation (KPRF) gain the most seats in the next Russian parliamentary election?,politics,calib,0,24,volume spike (4x baseline),volume_spike,no,0.0205,0.9800,41064,132182,1932.0,too late: entry 0.98 > 0.85,,0.0205,,
2026-07-11T12:00:39Z,1783771240,poly,0xa488ab1e9bc72914b695c398c0027bd4edc1679d6ff949c1861fa33b2c9ae4d4,Will Iran announce withdrawal from MOU negotiations by August 15?,other,calib,0,35,volume spike (12x baseline),volume_spike,yes,0.2150,0.2200,39513,37345,852.0,,,0.2150,,
2026-07-11T12:00:39Z,1783771240,poly,0xcc59c2569d30b4b86993f3ff17bb900fffc56e7d98f1a5b02793fc9c133db99a,Extended FDV above $300M one day after launch?,other,calib,M,76,"volume spike (2215x baseline) + price jump -7c in 2.3h + $3,945 single trade (against YES, 275x typical)",large_trade+price_jump+volume_spike,no,0.4650,0.5400,38434,40906,4169.0,resolves in 174d — too slow,0xaddbf4a9dfdadd7a7779bc840fe56c7ab96051ad,0.4750,,
2026-07-11T12:00:39Z,1783771240,poly,0xc11f41372087c4d934ae7adb869ff08272b2bcb3e242d4e628330353c130e480,"Iran agrees to surrender enriched uranium stockpile by July 31, 2026?",other,calib,0,39,"volume spike (4x baseline) + $1,982 single trade (against YES, 395x typical)",large_trade+volume_spike,no,0.0095,0.9910,38214,161919,468.0,too late: entry 0.99 > 0.85,0xcc792a28d90f3c5d8fe91e48a184913a65031c2a,0.0095,,
2026-07-11T12:00:39Z,1783771240,poly,0x1e5179e2ad483beb64cb089393817b4f4ba77c285a389d8ccdea4cc0b498fa33,Will a team from LCS (North America) win MSI 2026?,other,calib,0,35,volume spike (11x baseline),volume_spike,no,0.0325,0.9960,37529,9481,12.0,too late: entry 1.00 > 0.85; resolves in 12h — no lag window,,,,
2026-07-11T12:00:39Z,1783771240,poly,0xb55b2b13aee7a480ab0695912a65cb34a5fe5e84d5da810873d9c3e1182f9fd0,Will the Iranian regime fall by September 30?,other,calib,0,35,volume spike (9x baseline),volume_spike,yes,0.0335,0.0350,36936,180440,1932.0,longshot: entry 0.04 < 0.05,,0.0315,,
2026-07-11T12:00:39Z,1783771240,poly,0x6389dc74e27218b50657af632dbca4c5005d241c760bd979944bcd0d68493380,President Trump to Attend World Cup Final?,sports,calib,0,35,volume spike (18x baseline),volume_spike,yes,0.9350,0.9400,35457,58071,208.0,too late: entry 0.94 > 0.85,,0.9350,,
2026-07-11T12:00:39Z,1783771240,poly,0x6750fe34aa15e45304c8591f574ae62e792c34d78809bdcbc012e1bed5adfc0b,Will Jeonbuk Hyundai Motors FC win on 2026-07-11?,sports,calib,0,35,price jump +56c in 2.3h,price_jump,yes,0.9250,0.9400,35012,50517,,too late: entry 0.94 > 0.85,,,,
2026-07-11T12:00:39Z,1783771240,poly,0x3367d22cd2a673014f1960742afdf8601040a8ad856dc0a98bd1a44ee99504e2,Will Ron DeSantis win the 2028 US Presidential Election?,politics,calib,0,33,volume spike (5x baseline),volume_spike,no,0.0145,0.9860,32746,244502,20388.0,too late: entry 0.99 > 0.85; resolves in 849d — too slow,,0.0145,,
2026-07-11T12:00:39Z,1783771240,poly,0xc9615bb82d6535d630ff98e8094060bc767d8b9446516e98f84d2001a35e50e7,Will New People (NL) gain the most seats in the next Russian parliamentary election?,politics,calib,0,35,volume spike (7x baseline),volume_spike,yes,0.4100,0.4110,32361,120546,1932.0,,,0.4100,,
2026-07-11T12:00:39Z,1783771240,poly,0x8b8cffc6d3db2d507034b3926c13df121612085426e678ed1aa5c93899e87f25,Will BN win the 2026 Johor general elections?,politics,calib,0,21,volume spike (3x baseline),volume_spike,yes,0.9835,0.9850,31539,34881,12.0,too late: entry 0.98 > 0.85; resolves in 12h — no lag window,,,,
2026-07-11T12:00:39Z,1783771240,poly,0x4d5399875aeb0d0b7a84cf7249362e736ca291f1f759d2eb0d71fa997b99b1cc,Will Russia enter Shevchenko by September 30?,other,calib,0,35,volume spike (11x baseline),volume_spike,no,0.9780,0.0280,31357,27642,1932.0,longshot: entry 0.03 < 0.05,,0.9835,,
2026-07-11T12:00:39Z,1783771240,poly,0x1352df0d34b81488545f60ea310c9cdd2d86f50011555187713491422f630b77,Exact Score: Argentina 1 - 0 Switzerland?,sports,calib,0,20,volume spike (3x baseline),volume_spike,yes,0.1550,0.1600,29675,1135749,13.0,resolves in 13h — no lag window,,0.1550,,
2026-07-11T12:00:39Z,1783771240,poly,0x7618e80c410d107b9929455007e4ccf649630ac6aec6a76ebcd04ae9946dd514,Will the Fed decide differently in the next three decisions (Apr–Jun–Jul)?,other,calib,0,35,volume spike (65x baseline),volume_spike,no,0.2290,0.7720,28855,57452,420.0,,,0.2285,,
2026-07-11T12:00:39Z,1783771240,poly,0xf232b565995e4b3a3e7fa6cef775eeff1cecd20ad7c013cb9fc8dadabfe279a9,Will Alexandria Ocasio-Cortez win the 2028 US Presidential Election?,politics,calib,0,35,volume spike (88x baseline),volume_spike,yes,0.0775,0.0780,28248,349548,20388.0,resolves in 849d — too slow,,,,
2026-07-11T12:00:39Z,1783771240,poly,0xd2a472c051e1ab231a4feb40322ccdafccff5fe9e4a006381224e10aff0e83ce,Will Anthropic have the best AI model at the end of July 2026?,other,calib,0,35,volume spike (6x baseline),volume_spike,yes,0.9450,0.9500,27324,66257,468.0,too late: entry 0.95 > 0.85,,0.9450,,
2026-07-11T12:00:39Z,1783771240,poly,0x224488d5b8e4e454c6f7ed545bd56d3d5768b582eee6bbddf286ad5ccd8adadf,Will Norway reach the 2026 FIFA World Cup final?,sports,calib,0,35,volume spike (22x baseline),volume_spike,no,0.1590,0.8420,27247,279560,204.0,,,0.1595,,
2026-07-11T12:00:39Z,1783771240,poly,0xe747d9f9734f79e939daf9a683560e5576c2daee20c33a5588c680c6f400fbb6,Will Bilibili Gaming win MSI 2026?,other,calib,0,25,volume spike (4x baseline),volume_spike,yes,0.6400,0.6600,26081,6524,40.0,,,0.5950,,
2026-07-11T12:00:39Z,1783771240,poly,0x63d8f3a34c90bd5342dda8acf62b6a898dfa52f86475efaf180b66493ef6af80,Will Jair Bolsonaro win the 2026 Brazilian presidential election?,politics,calib,0,35,volume spike (13x baseline),volume_spike,no,0.0215,0.9790,25845,320412,2028.0,too late: entry 0.98 > 0.85,,0.0220,,
2026-07-11T12:00:39Z,1783771240,poly,0x8a8e093b25d7909ae01e944e746a1dee88801224fcff001c1c890ca43e2a66e1,Will Google have the best AI model at the end of July 2026?,other,calib,0,35,volume spike (22x baseline),volume_spike,no,0.0415,0.9600,24638,83944,468.0,too late: entry 0.96 > 0.85,,0.0415,,
2026-07-11T12:00:39Z,1783771240,poly,0x0b4cc3b739e1dfe5d73274740e7308b6fb389c5af040c3a174923d928d134bee,Will Jesus Christ return before 2027?,other,calib,0,22,volume spike (4x baseline),volume_spike,yes,0.0185,0.0190,24298,825942,4140.0,longshot: entry 0.02 < 0.05; resolves in 172d — too slow,,0.0185,,
2026-07-11T12:00:39Z,1783771240,poly,0x61600d487069f99e775307a0655c1a79f26e4fc6d8d1ba66790c64d78d0beba2,Will Jon Ossoff win the 2028 US Presidential Election?,politics,calib,0,35,volume spike (59x baseline),volume_spike,yes,0.0715,0.0730,23599,318000,20388.0,resolves in 849d — too slow,,0.0720,,
2026-07-11T12:00:39Z,1783771240,poly,0xfed2dd1e83691ca08b8bc08d2bed09cb19003730f2be47da6a467ee37df96fbb,Mojtaba Khamenei seen in public by December 31?,other,calib,0,31,volume spike (5x baseline),volume_spike,no,0.3550,0.6500,23554,41392,4140.0,resolves in 172d — too slow,,0.3550,,
2026-07-11T12:00:39Z,1783771240,poly,0x8c48f3acf4177b5ceb012a8a2dc7a9c219eeae4a032d6ddcbc3c2ffab907439a,Will the Liberal Democratic Party of Russia (LDPR) gain the most seats in the next Russian parliamentary election?,politics,calib,0,24,volume spike (4x baseline),volume_spike,no,0.0355,0.9650,23024,179142,1932.0,too late: entry 0.96 > 0.85,,0.0355,,
2026-07-11T12:00:39Z,1783771240,poly,0x076195e2d75814bf39078c8b343c9d7b07855a4fa427ef97add3ef9f03245ee5,"Will the price of Bitcoin be above $66,000 on July 12?",crypto,calib,0,20,volume spike (3x baseline),volume_spike,yes,0.0255,0.0280,22102,24834,28.0,longshot: entry 0.03 < 0.05,,0.0240,,
2026-07-11T12:00:39Z,1783771240,poly,0x1945a8b23e313ed7423b6b6fd556f9ab5578900376b565a61dc480a5f4f35d21,Will Hunter Biden win the 2028 Democratic presidential nomination?,politics,calib,0,21,volume spike (3x baseline),volume_spike,yes,0.0065,0.0070,21747,1414782,20388.0,longshot: entry 0.01 < 0.05; resolves in 849d — too slow,,0.0065,,
2026-07-11T12:00:39Z,1783771240,poly,0xdfea8851512360fb70c4b4ed29ed369b6dbcdfc58b2493b66cba65faab622129,Tyler Robinson convicted of homicide?,other,calib,0,35,volume spike (7x baseline),volume_spike,no,0.4650,0.5400,21692,40370,4140.0,resolves in 172d — too slow,,0.4650,,
2026-07-11T12:00:39Z,1783771240,poly,0x024b68f77bfc019341ee3db8f57c103334e4b9430bba4746d8c94aafd8b36fee,"Will Bitcoin dip to $45,000 by December 31, 2026?",crypto,calib,0,35,volume spike (1145x baseline),volume_spike,no,0.2950,0.7100,21607,116868,4169.0,resolves in 174d — too slow,,0.2950,,
2026-07-11T12:00:39Z,1783771240,poly,0xc65b037d40fd0d6783588e44ef94f712853e8b63186cda1f2213e529752f5cc4,"Will the next diplomatic US-Iran meeting be in Switzerland by September 30, 2026?",other,calib,0,35,volume spike (11x baseline),volume_spike,yes,0.2850,0.2900,21518,40570,1956.0,,,0.2850,,
2026-07-11T12:00:39Z,1783771240,poly,0xbdf08297ec6e7c68cf8b24550f5fd2b648095bffa74495c732ce0a31222b1bbb,Will Hanwha Life Esports win MSI 2026?,other,calib,1,56,volume spike (11x baseline) + price jump -6c in 2.3h,price_jump+volume_spike,no,0.3100,0.7000,21048,9696,40.0,,,0.4050,,
2026-07-11T12:00:39Z,1783771240,poly,0x284db580039cb41dccd04d57c327752cbff3aeda1e76cd86341590675680e693,"Will Elon Musk post 300-319 tweets from July 7 to July 14, 2026?",other,calib,0,18,volume spike (3x baseline),volume_spike,yes,0.0285,0.0290,20974,33179,76.0,longshot: entry 0.03 < 0.05,,0.0385,,
2026-07-11T12:00:39Z,1783771240,poly,0xf812cd60daad3492c2bbf7a0f1e8ca5574c2d72a5602f6ed8e65547508cd86e2,Will Switzerland reach the 2026 FIFA World Cup final?,sports,calib,0,25,volume spike (4x baseline),volume_spike,no,0.0695,0.9310,20146,512326,204.0,too late: entry 0.93 > 0.85,,0.0675,,
2026-07-11T12:00:39Z,1783771240,poly,0xdfda1ecd4af05a35dc53bb0378ab647a90b21be81e4bf2550d2cb198084bd486,Will Gwangju FC win on 2026-07-11?,sports,calib,0,35,price jump -15c in 2.3h,price_jump,no,0.0150,0.9940,19895,64260,,too late: entry 0.99 > 0.85,,,,
2026-07-11T12:00:39Z,1783771240,poly,0xe52d08ac92ff6013a7e0fa93a53b07a44ec30bdd1a24103c1468e4e6aafb5fbc,"Will Elon Musk post 220-239 tweets from July 7 to July 14, 2026?",other,calib,0,21,volume spike (4x baseline),volume_spike,yes,0.2620,0.2670,18476,26825,76.0,,,0.2080,,
2026-07-11T12:00:39Z,1783771240,poly,0x1d79c04cc30eec6dde12303ec4e34a5673adb5c670bd91e2d44e10eacfb64ba5,Norway vs. England: Will the Match Go to a Penalty Shootout?,sports,calib,0,35,volume spike (8x baseline),volume_spike,no,0.1450,0.8600,18243,186174,9.0,too late: entry 0.86 > 0.85; resolves in 9h — no lag window,,0.1450,,
2026-07-11T12:00:39Z,1783771240,poly,0xbb4d51e6364066d92eb6f9b8413dd7193de70966736044463b205834805a1f3b,Will the Iranian regime fall before 2027?,other,calib,0,35,volume spike (32x baseline),volume_spike,yes,0.0750,0.0800,17840,534222,4140.0,resolves in 172d — too slow,,0.0750,,
2026-07-11T12:00:39Z,1783771240,poly,0x7e97be9753dafd03193e2087b4285405780e0e6c337c0cb9e023fa16468b434b,Will Bucheon FC 1995 win on 2026-07-11?,sports,calib,0,35,price jump -13c in 2.3h,price_jump,no,0.1000,0.9100,17594,71338,,too late: entry 0.91 > 0.85,,,,
2026-07-11T12:00:39Z,1783771240,poly,0xccf3bbf592a14e9f552972e8e91f287165db152a03b898f14f27bf016f48a66b,Jude Bellingham: 1+ goals,sports,calib,0,23,volume spike (4x baseline),volume_spike,yes,0.2650,0.2700,16966,98181,9.0,resolves in 9h — no lag window,,0.2650,,
2026-07-11T12:00:39Z,1783771240,poly,0x752fa61c93f16c4b15e85b0bd438d9c684176b0ea7b319a84c8aca34616e8a8c,"Will Bitcoin dip to $55,000 by December 31, 2026?",crypto,calib,0,35,volume spike (173x baseline),volume_spike,no,0.6050,0.4000,16850,79434,4169.0,resolves in 174d — too slow,,0.6050,,
2026-07-11T12:00:39Z,1783771240,poly,0x42742fa156da771a75cf8c7713ba0cfa4b2610112bae81a0ea8772fdeb50510b,"Will the next diplomatic US-Iran meeting be in Oman by September 30, 2026?",other,calib,0,35,volume spike (9x baseline),volume_spike,no,0.1145,0.8870,16374,38970,1956.0,too late: entry 0.89 > 0.85,,0.1185,,
2026-07-11T12:00:39Z,1783771240,poly,0xbe9d61d80c767264a0adc8a16453fbcaf0413e673e665cc7c14701691143fac0,"Will Ukraine recapture Crimean territory by December 31, 2026?",other,calib,0,35,volume spike (34x baseline),volume_spike,yes,0.1050,0.1100,14999,276578,4140.0,resolves in 172d — too slow,,0.1050,,
2026-07-11T12:00:39Z,1783771240,poly,0xc8b50a5b0d1e64ff941a92673f13ef701f556ef5d35be97df1d41f9ddc5b31dc,"Will Elon Musk post 320-339 tweets from July 10 to July 17, 2026?",other,calib,0,34,volume spike (6x baseline),volume_spike,yes,0.0200,0.0250,14994,32490,148.0,longshot: entry 0.03 < 0.05,,0.0190,,
2026-07-11T12:00:39Z,1783771240,poly,0x84c625fdccf5c5246a15e476361e4563033906ee225800e1136c0d737596a72f,"Russia x Ukraine ceasefire by December 31, 2026?",politics,calib,0,35,volume spike (23x baseline),volume_spike,no,0.2300,0.7800,14190,94501,4140.0,resolves in 172d — too slow,,0.2250,,
2026-07-11T12:00:39Z,1783771240,poly,0x20208113a0bee764f7444ec2b8a90c1fd84bf2b7d0fb4d808c47da52b1521486,World Cup: Goalkeeper to Score?,sports,calib,0,35,volume spike (18x baseline),volume_spike,yes,0.0155,0.0170,13695,226749,208.0,longshot: entry 0.02 < 0.05,,0.0150,,
2026-07-11T12:00:39Z,1783771240,poly,0x9eb7ac1524fdacb46ceb8758454f0004c7b117eae76e6295852643644bb862c1,Will James Talarico win the 2028 US Presidential Election?,politics,calib,0,32,volume spike (5x baseline),volume_spike,yes,0.0085,0.0090,13511,599297,20388.0,longshot: entry 0.01 < 0.05; resolves in 849d — too slow,,0.0085,,
2026-07-11T12:00:39Z,1783771240,poly,0x4dc5c13eb9646b10da7d5f079f77ef2480ec5466861ce1cfbc910fabed3d7d0d,Kash Patel out by December 31?,other,calib,0,35,volume spike (7x baseline),volume_spike,no,0.4750,0.5300,13043,48348,4140.0,resolves in 172d — too slow,,0.4750,,
2026-07-11T12:00:39Z,1783771240,poly,0x147d3f41bcf51e1c94bf7f67d167f35fcdd36d93fbe7bcdddd64be7285b84dba,Harry Kane: 2+ goals,sports,calib,0,35,volume spike (8x baseline),volume_spike,yes,0.1650,0.1700,12730,138759,9.0,resolves in 9h — no lag window,,,,
2026-07-11T12:00:39Z,1783771240,poly,0x0b0239149756e9cd15dbe0f9fbe295160075f26cd46ba3f537d932a3cc90ddae,Will the highest temperature in London be 27°C on July 11?,other,calib,0,17,price jump +5c in 2.3h,price_jump,yes,0.1330,0.1430,12708,568,,"thin: $568 depth < $2,000",,0.4525,,
2026-07-11T12:00:39Z,1783771240,poly,0xb106465c8e6efa5c0a53fc58d08a1eea635fe74e40e3c9dbc260d42a4ecce740,"Will Elon Musk post 300-319 tweets from July 10 to July 17, 2026?",other,calib,0,20,volume spike (3x baseline),volume_spike,yes,0.0320,0.0360,12356,33070,148.0,longshot: entry 0.04 < 0.05,,0.0330,,
2026-07-11T12:00:39Z,1783771240,poly,0xbca3d70ec52a5a441ccc365a3b1b48b9cd0f08dfff4bc5871e2cd92d0d92caa1,Will Ronaldo Caiado win the 2026 Brazilian presidential election?,politics,calib,0,35,volume spike (13x baseline),volume_spike,yes,0.0155,0.0170,11533,306773,2028.0,longshot: entry 0.02 < 0.05,,0.0155,,
2026-07-11T12:00:39Z,1783771240,poly,0xea375977ee539b47800bae67a8c72a9bdb1fc944038173a97f42220c15a85645,Will the highest temperature in Los Angeles be between 74-75°F on July 11?,other,calib,0,59,volume spike (4x baseline) + price jump +10c in 2.3h,price_jump+volume_spike,yes,0.6500,0.6700,11362,295,,"thin: $295 depth < $2,000",,,,
2026-07-11T12:00:39Z,1783771240,poly,0x775f42b26ed999f5043f89932f06e01226651601c69368930bf5cf31359e6952,Will Max Holloway win by KO or TKO?,sports,calib,0,21,volume spike (4x baseline),volume_spike,no,0.5350,0.4700,10728,45752,16.0,resolves in 16h — no lag window,,0.5350,,
2026-07-11T12:00:39Z,1783771240,poly,0x0a7df5d198e78b82e203ed9218a2039e9232626ae7a0582ea73c67e4bedd05af,Will fewer than 150 ships transit the Strait of Hormuz between July 6-July 12?,other,calib,0,17,price jump +5c in 2.3h,price_jump,yes,0.5355,0.5720,10604,30317,36.0,not catchable: entry 4c above signal,,0.5870,,
2026-07-11T12:00:39Z,1783771240,poly,0xe9dbac59e5b84810c3117a114648ac20114eef2f59fac59033d61e42a6dbbce2,Lionel Messi: 1+ assists,sports,calib,0,35,volume spike (9x baseline),volume_spike,yes,0.2750,0.2800,9423,28442,13.0,resolves in 13h — no lag window,,0.2750,,
2026-07-11T12:00:39Z,1783771240,poly,0x45514e0fcd922a740e67ab064a9042d3e964006712f9540947808ae82067ed23,Extended FDV above $150M one day after launch?,other,calib,0,35,volume spike (230x baseline),volume_spike,no,0.7250,0.2800,8123,35233,4169.0,resolves in 174d — too slow,,,,
2026-07-11T14:24:49Z,1783779890,kalshi,KXNEXTTEAMNBA-26LJAM-CLE,LeBron James' Next Team — Cleveland,sports,calib,0,21,price jump +6c in 2.4h,price_jump,yes,0.5050,0.5100,2239049,5116,2485.6,resolves in 104d — too slow,,,,
2026-07-11T14:24:49Z,1783779890,kalshi,KXPRESNOMD-28-BS,2028 Democratic presidential nominee — Bernie Sanders,politics,calib,0,35,volume spike (15282x baseline),volume_spike,no,0.0055,0.9960,402503,996,20400.6,too late: entry 1.00 > 0.85; resolves in 850d — too slow,,,,
2026-07-11T14:24:49Z,1783779890,kalshi,KXPRESNOMD-28-KH,2028 Democratic presidential nominee — Kamala Harris,politics,calib,0,35,volume spike (209x baseline),volume_spike,yes,0.0775,0.0800,66321,4,20400.6,thin: $4 depth < $500; resolves in 850d — too slow,,,,
2026-07-11T14:24:49Z,1783779890,kalshi,KXPGAR3LEAD-GESO26-TKIM,Genesis Scottish Open End of Round 3 Leader — Tom Kim,sports,calib,0,35,volume spike (11x baseline),volume_spike,yes,0.1350,0.1500,60030,1903,345.6,,,,,
2026-07-11T14:24:49Z,1783779890,kalshi,KXUSAIRANAGREEMENT-27-26SEP,US-Iran nuclear deal? — Before September,politics,calib,0,35,volume spike (511x baseline),volume_spike,yes,0.1250,0.1300,43836,5368,1247.6,,,,,
2026-07-11T14:24:49Z,1783779890,kalshi,KXLOVEISLANDUSARANK-26AUG31R2-ANCAR,Love Island USA S8: 2nd place couple — Aniya and Carl,entertainment,calib,0,35,price jump +14c in 2.4h,price_jump,yes,0.8150,0.8400,31892,12,1223.6,thin: $12 depth < $500,,,,
2026-07-11T14:24:49Z,1783779890,kalshi,KXPGAR3LEAD-GESO26-CGOT,Genesis Scottish Open End of Round 3 Leader — Chris Gotterup,sports,calib,0,35,volume spike (18x baseline),volume_spike,yes,0.0500,0.0600,29491,1731,345.6,,,,,
2026-07-11T14:24:49Z,1783779890,kalshi,KXLOVEISLANDUSARANK-26AUG31R2-TRBR,Love Island USA S8: 2nd place couple — Trinity and Bryce,entertainment,calib,0,50,price jump -14c in 2.4h + outsized impact (13x baseline move-per-volume),price_impact+price_jump,no,0.0550,0.9500,27905,1091,1223.6,too late: entry 0.95 > 0.85,,,,
2026-07-11T14:24:49Z,1783779890,kalshi,KXMLB-26-LAD,Pro Baseball Champion — Los Angeles D,sports,calib,0,24,volume spike (4x baseline),volume_spike,no,0.3265,0.6830,22646,287,20221.6,thin: $287 depth < $500; resolves in 843d — too slow,,,,
2026-07-11T14:24:49Z,1783779890,kalshi,KXSENATEMID-26-AELS,Michigan Democratic Senate nominee? — Abdul El-Sayed,politics,calib,0,18,volume spike (3x baseline),volume_spike,yes,0.7750,0.7800,19071,1956,2760.6,resolves in 115d — too slow,,,,
2026-07-11T14:24:49Z,1783779890,kalshi,KXLOVEISLANDUSARANK-26AUG31R3-MESI,Love Island USA S8: 3rd place couple — Melanie and Sincere,entertainment,calib,0,21,price jump +7c in 2.4h,price_jump,yes,0.7550,0.7700,18084,4,1223.6,thin: $4 depth < $500,,,,
2026-07-11T14:24:49Z,1783779890,kalshi,KXWCROUND-26SEMI-ENG,FIFA World Cup Semifinals Qualifiers — England,sports,calib,0,23,volume spike (4x baseline),volume_spike,yes,0.6450,0.6500,16361,11317,551.6,,,,,
2026-07-11T14:24:49Z,1783779890,kalshi,KXWCMENTION-26JUL11NORENG-WHATS,What will the announcers say during Norway vs England — What a Strike / What a Finish,sports,calib,0,35,volume spike (8x baseline),volume_spike,no,0.3350,0.6700,16029,52,342.6,thin: $52 depth < $500,,,,
2026-07-11T14:24:49Z,1783779890,kalshi,KXSB-27-LAR,2027 Pro Football Champion — Los Angeles R,sports,calib,0,18,volume spike (3x baseline),volume_spike,yes,0.1550,0.1600,14725,23783,22761.1,resolves in 948d — too slow,,,,
2026-07-11T14:24:49Z,1783779890,kalshi,KXLOVEISLANDUSARANK-26AUG31RTOP3-ANCAR,Love Island USA S8: Top 3 Couples — Aniya and Carl,entertainment,calib,0,19,price jump +6c in 2.4h,price_jump,yes,0.9550,0.9800,14150,61,1223.6,too late: entry 0.98 > 0.85; thin: $61 depth < $500,,,,
2026-07-11T14:24:49Z,1783779890,kalshi,SENATEME-26-R,Maine Senate winner? (Party) — Republican party,politics,calib,0,35,volume spike (55x baseline),volume_spike,yes,0.3750,0.3800,12526,11700,11520.6,resolves in 480d — too slow,,,,
2026-07-11T14:24:49Z,1783779890,kalshi,KXPGATOP20-GESO26-JLUI,Genesis Scottish Open: Top 20 Finishers — Joost Luiten,sports,calib,0,19,price jump -6c in 2.4h,price_jump,no,0.3350,0.6900,10712,165,681.6,thin: $165 depth < $500,,,,
2026-07-11T14:24:49Z,1783779890,kalshi,KXLCPIMAXYOY-27-P4.5,How high will inflation get this year? — At least 4.5%,other,calib,0,35,volume spike (640x baseline),volume_spike,yes,0.3045,0.3250,9153,16,5231.1,thin: $16 depth < $500; resolves in 218d — too slow,,,,
2026-07-11T14:24:49Z,1783779890,kalshi,KXPGATOP10-GESO26-RMCI,Genesis Scottish Open: Top 10 Finishers — Rory McIlroy,sports,calib,0,35,volume spike (14x baseline),volume_spike,no,0.8500,0.1600,8749,36,681.6,thin: $36 depth < $500,,,,
2026-07-11T14:24:49Z,1783779890,kalshi,KXPGATOP20-GESO26-THAT,Genesis Scottish Open: Top 20 Finishers — Tyrrell Hatton,sports,calib,M,62,volume spike (10x baseline) + price jump -8c in 2.4h,price_jump+volume_spike,no,0.4800,0.5400,8726,123,681.6,thin: $123 depth < $500,,,,
2026-07-11T14:24:49Z,1783779890,kalshi,KXPGATOP5-GESO26-TKIM,Genesis Scottish Open: Top 5 Finishers — Tom Kim,sports,calib,0,35,volume spike (19x baseline),volume_spike,yes,0.4400,0.4600,8041,100,681.6,thin: $100 depth < $500,,,,
2026-07-11T14:24:49Z,1783779890,kalshi,KXLIUSAWINNERS-26-TRI,Love Island USA S8: Winners — Trinity,entertainment,calib,0,20,volume spike (3x baseline),volume_spike,yes,0.8900,0.9000,7467,49,1213.6,too late: entry 0.90 > 0.85; thin: $49 depth < $500,,,,
2026-07-11T14:24:49Z,1783779890,kalshi,KXCOINBASE-26JULVOL-180000000000,Coinbase total trading volume in Q2 — Above $180 billion,crypto,calib,0,35,price jump -13c in 2.4h,price_jump,no,0.4650,0.5400,7393,3,3325.6,thin: $3 depth < $500; resolves in 139d — too slow,,,,
2026-07-11T14:24:49Z,1783779890,kalshi,KXCOINBASE-26JULVOL-190000000000,Coinbase total trading volume in Q2 — Above $190 billion,crypto,calib,0,19,price jump -6c in 2.4h,price_jump,no,0.4650,0.5400,6824,4,3325.6,thin: $4 depth < $500; resolves in 139d — too slow,,,,
2026-07-11T14:24:49Z,1783779890,kalshi,KXPGATOP20-GESO26-CGOT,Genesis Scottish Open: Top 20 Finishers — Chris Gotterup,sports,calib,0,34,volume spike (6x baseline),volume_spike,no,0.7450,0.3000,6329,64,681.6,not catchable: entry 4c above signal; thin: $64 depth < $500,,,,
2026-07-11T14:24:49Z,1783779890,kalshi,KXWCMENTION-MENWORLDCUP-TRUM,What will the announcers say during the FIFA World Cup Final — Trump,sports,calib,0,30,volume spike (5x baseline),volume_spike,yes,0.5300,0.5400,6289,127,532.6,thin: $127 depth < $500,,,,
2026-07-11T14:24:49Z,1783779890,kalshi,KXWORLDNEWSMENTION-26JUL10-CEAS,What will David Muir say during ABC World News Tonight? — Ceasefire,politics,calib,0,35,price jump +16c in 2.4h,price_jump,yes,0.4900,0.5700,5896,2,335.6,not catchable: entry 8c above signal; thin: $2 depth < $500,,,,
2026-07-11T14:24:49Z,1783779890,kalshi,SENATETX-26-R,Texas Senate winner? — Ken Paxton,politics,calib,0,29,volume spike (5x baseline),volume_spike,yes,0.5750,0.5800,5767,14681,11520.6,resolves in 480d — too slow,,,,
2026-07-11T14:24:49Z,1783779890,kalshi,KXCOINBASE-26JULVOL-200000000000,Coinbase total trading volume in Q2 — Above $200 billion,crypto,calib,0,35,price jump -21c in 2.4h,price_jump,no,0.2950,0.7400,5651,13,3325.6,not catchable: entry 4c above signal; thin: $13 depth < $500; resolves in 139d — too slow,,,,
2026-07-11T14:24:49Z,1783779890,kalshi,KXLIUSAWINNERS-26-BRY,Love Island USA S8: Winners — Bryce,entertainment,calib,0,21,volume spike (3x baseline),volume_spike,yes,0.9000,0.9100,5564,14,1213.6,too late: entry 0.91 > 0.85; thin: $14 depth < $500,,,,
2026-07-11T14:24:49Z,1783779890,kalshi,KXPGATOP20-GESO26-PREE,Genesis Scottish Open: Top 20 Finishers — Patrick Reed,sports,calib,0,27,volume spike (5x baseline),volume_spike,yes,0.4150,0.4400,5538,90,681.6,thin: $90 depth < $500,,,,
2026-07-11T14:24:49Z,1783779890,kalshi,KXWORLDNEWSMENTION-26JUL10-WORL,What will David Muir say during ABC World News Tonight? — World Cup,sports,calib,0,19,price jump +6c in 2.4h,price_jump,yes,0.2250,0.2400,5517,12,335.6,thin: $12 depth < $500,,,,
2026-07-11T14:24:49Z,1783779890,kalshi,KXPGAR3LEAD-ISC26-LGLO,ISCO Championship End of Round 3 Leader — Lucas Glover,sports,calib,0,22,price jump +7c in 2.4h,price_jump,yes,0.4250,0.4700,5265,11,345.6,not catchable: entry 4c above signal; thin: $11 depth < $500,,,,
2026-07-11T14:24:49Z,1783779890,kalshi,KXTRUMPPARDON-27JAN01-CJAV,Who will Trump pardon in 2026? — Charlie Javice,politics,calib,0,22,price jump -7c in 2.4h,price_jump,no,0.1000,0.9200,4657,460,4176.6,too late: entry 0.92 > 0.85; thin: $460 depth < $500; resolves in 174d — too slow,,,,
2026-07-11T14:24:49Z,1783779890,kalshi,KXTRUMPMENTIONB-26JUL09-COMM,What will Trump say during his announcement? — Communist / Communism,other,calib,0,26,price jump +8c in 2.4h,price_jump,yes,0.4750,0.5500,4298,14,287.6,not catchable: entry 8c above signal; thin: $14 depth < $500,,,,
2026-07-11T14:24:49Z,1783779890,kalshi,KXSPACEXSTARSHIP-13-26JUL16,SpaceX Starship 13th launch? — Before July 17th,other,calib,0,21,price jump -6c in 2.4h,price_jump,no,0.2700,0.7400,4103,116,133.6,thin: $116 depth < $500,,,,
2026-07-11T14:24:49Z,1783779890,kalshi,KXCOINBASE-26JULVOL-230000000000,Coinbase total trading volume in Q2 — Above $230 billion,crypto,calib,0,35,price jump -37c in 2.4h,price_jump,no,0.0950,0.9100,3978,0,3325.6,too late: entry 0.91 > 0.85; thin: $0 depth < $500; resolves in 139d — too slow,,,,
2026-07-11T14:24:49Z,1783779890,kalshi,KXWCMENTION-26JUL11NORENG-CHAM,What will the announcers say during Norway vs England — Champion,sports,calib,0,19,volume spike (3x baseline),volume_spike,no,0.6900,0.3200,3922,18,342.6,thin: $18 depth < $500,,,,
2026-07-11T14:24:49Z,1783779890,kalshi,KXWORLDNEWSMENTION-26JUL10-GRAH,What will David Muir say during ABC World News Tonight? — Graham / Platner,other,calib,0,35,price jump +32c in 2.4h,price_jump,yes,0.6700,0.7200,3889,16,335.6,not catchable: entry 5c above signal; thin: $16 depth < $500,,,,
2026-07-11T14:24:49Z,1783779890,kalshi,KXCOINBASE-26JULVOL-210000000000,Coinbase total trading volume in Q2 — Above $210 billion,crypto,calib,0,35,price jump -29c in 2.4h,price_jump,no,0.1750,0.8400,3502,9,3325.6,thin: $9 depth < $500; resolves in 139d — too slow,,,,
2026-07-11T14:24:49Z,1783779890,kalshi,KXWCMENTION-26JUL11ARGSUI-CAPT,What will the announcers say during Argentina vs Switzerland — Captain,sports,calib,0,35,volume spike (6x baseline),volume_spike,no,0.5650,0.4400,3474,40,346.6,thin: $40 depth < $500,,,,
2026-07-11T14:24:49Z,1783779890,kalshi,KXSPACEXCOUNT-26JUL-12,How many launches will SpaceX have in July? — Above 12,other,calib,0,35,volume spike (12x baseline),volume_spike,no,0.9350,0.0700,3295,82,503.6,thin: $82 depth < $500,,,,
2026-07-11T14:24:49Z,1783779890,kalshi,KXWCADS-26JUL19-HOME,Which brands will advertise during the World Soccer Cup Final — Home Depot,other,calib,0,18,price jump -5c in 2.4h,price_jump,no,0.4000,0.6100,3237,8,8951.6,thin: $8 depth < $500; resolves in 373d — too slow,,,,
2026-07-11T14:24:49Z,1783779890,kalshi,KXTRUMPMENTIONB-26JUL09-HORM,What will Trump say during his announcement? — Hormuz,other,calib,0,22,price jump -7c in 2.4h,price_jump,no,0.4400,0.6700,3159,8,287.6,not catchable: entry 11c above signal; thin: $8 depth < $500,,,,
2026-07-11T14:24:49Z,1783779890,kalshi,KXHOUSERACE-MD01-26-R,MD-01 House winner? — Andy Harris,politics,calib,0,35,volume spike (8x baseline),volume_spike,yes,0.8940,0.9080,3142,227,11520.6,too late: entry 0.91 > 0.85; thin: $227 depth < $500; resolves in 480d — too slow,,,,
2026-07-11T14:24:49Z,1783779890,kalshi,KXCOINBASE-26JULVOL-280000000000,Coinbase total trading volume in Q2 — Above $280 billion,crypto,calib,0,35,price jump -12c in 2.4h,price_jump,no,0.0350,0.9700,3022,127,3325.6,too late: entry 0.97 > 0.85; thin: $127 depth < $500; resolves in 139d — too slow,,,,
2026-07-11T14:24:49Z,1783779890,kalshi,KXPGATOP20-GESO26-TFLE,Genesis Scottish Open: Top 20 Finishers — Tommy Fleetwood,sports,calib,0,34,price jump -11c in 2.4h,price_jump,no,0.4300,0.6300,2956,1,681.6,not catchable: entry 6c above signal; thin: $1 depth < $500,,,,
2026-07-11T14:24:49Z,1783779890,kalshi,KXCOINBASE-26JULVOL-250000000000,Coinbase total trading volume in Q2 — Above $250 billion,crypto,calib,0,35,price jump -26c in 2.4h,price_jump,no,0.0750,0.9300,2859,2,3325.6,too late: entry 0.93 > 0.85; thin: $2 depth < $500; resolves in 139d — too slow,,,,
2026-07-11T14:24:49Z,1783779890,kalshi,KXPGATOP10-GESO26-THAT,Genesis Scottish Open: Top 10 Finishers — Tyrrell Hatton,sports,calib,0,21,price jump -6c in 2.4h,price_jump,no,0.2500,0.8200,2787,188,681.6,not catchable: entry 7c above signal; thin: $188 depth < $500,,,,
2026-07-11T14:24:49Z,1783779890,kalshi,KXPERFORMROLEJEANGREY-SAD,Marvel: Sadie Sink cast as next Jean Grey?,entertainment,calib,0,35,volume spike (95x baseline),volume_spike,no,0.8050,0.2000,2776,6,12936.6,thin: $6 depth < $500; resolves in 539d — too slow,,,,
2026-07-11T14:24:49Z,1783779890,kalshi,KXCOINBASE-26JULVOL-240000000000,Coinbase total trading volume in Q2 — Above $240 billion,crypto,calib,0,35,price jump -22c in 2.4h,price_jump,no,0.2000,0.8900,2658,7,3325.6,too late: entry 0.89 > 0.85; not catchable: entry 9c above signal; thin: $7 depth < $500; resolves in 139d — too slow,,,,
2026-07-11T14:24:49Z,1783779890,kalshi,KXPGATOP20-GESO26-JTHO,Genesis Scottish Open: Top 20 Finishers — Justin Thomas,sports,calib,0,35,price jump -12c in 2.4h,price_jump,no,0.4750,0.5300,2616,478,681.6,thin: $478 depth < $500,,,,
2026-07-11T14:24:49Z,1783779890,kalshi,KXTRUMPMENTIONB-26JUL09-VENE,What will Trump say during his announcement? — Venezuela,other,calib,0,29,price jump -9c in 2.4h,price_jump,no,0.2250,0.8600,2616,1,287.6,too late: entry 0.86 > 0.85; not catchable: entry 8c above signal; thin: $1 depth < $500,,,,
2026-07-11T14:24:49Z,1783779890,kalshi,KXPGATOP5-GESO26-TFLE,Genesis Scottish Open: Top 5 Finishers — Tommy Fleetwood,sports,calib,0,35,price jump -12c in 2.4h,price_jump,no,0.0550,0.9700,2411,199,681.6,too late: entry 0.97 > 0.85; thin: $199 depth < $500,,,,
2026-07-11T14:24:49Z,1783779890,kalshi,KXTSX-26DEC31-37000,"How high will the S&P/TSX Composite Index get in 2026? — At least 37,000",other,calib,0,35,price jump -17c in 2.4h,price_jump,no,0.4900,0.5200,2298,5,4176.6,thin: $5 depth < $500; resolves in 174d — too slow,,,,
2026-07-11T14:24:49Z,1783779890,kalshi,KXRT-ODY-85,The Odyssey: Rotten Tomatoes score — Above 85,entertainment,calib,0,35,volume spike (39x baseline),volume_spike,yes,0.8400,0.8600,2284,15,215.6,too late: entry 0.86 > 0.85; thin: $15 depth < $500,,,,
2026-07-11T14:24:49Z,1783779890,kalshi,KXPGATOP10-GESO26-MFIT,Genesis Scottish Open: Top 10 Finishers — Matt Fitzpatrick,sports,calib,0,35,price jump -11c in 2.4h,price_jump,no,0.6050,0.5000,2063,1,681.6,not catchable: entry 10c above signal; thin: $1 depth < $500,,,,
2026-07-11T14:24:49Z,1783779890,kalshi,KXCOINBASE-26JULVOL-260000000000,Coinbase total trading volume in Q2 — Above $260 billion,crypto,calib,0,26,price jump -8c in 2.4h,price_jump,no,0.0750,0.9300,2019,6,3325.6,too late: entry 0.93 > 0.85; thin: $6 depth < $500; resolves in 139d — too slow,,,,
2026-07-11T14:24:49Z,1783779890,kalshi,KXPGATOP10-GESO26-PREE,Genesis Scottish Open: Top 10 Finishers — Patrick Reed,sports,calib,0,34,price jump -10c in 2.4h,price_jump,no,0.1100,1.0000,2014,0,681.6,too late: entry 1.00 > 0.85; not catchable: entry 11c above signal; thin: $0 depth < $500,,,,
2026-07-11T14:24:49Z,1783779890,kalshi,KXCOINBASE-26JULVOL-270000000000,Coinbase total trading volume in Q2 — Above $270 billion,crypto,calib,0,30,price jump -10c in 2.4h,price_jump,no,0.0600,0.9500,2013,6,3325.6,too late: entry 0.95 > 0.85; thin: $6 depth < $500; resolves in 139d — too slow,,,,
2026-07-11T14:24:49Z,1783779890,kalshi,KXTRUMPMENTIONB-26JUL09-ISRA,What will Trump say during his announcement? — Israel / Israeli,other,calib,0,32,price jump +10c in 2.4h,price_jump,yes,0.2650,0.2800,2008,5,287.6,thin: $5 depth < $500,,,,
2026-07-11T14:24:49Z,1783779890,kalshi,KXTOPMODEL-26JUL31-CLAUT,Top AI model in July? — claude-opus-4-6-thinking,other,calib,0,35,volume spike (246x baseline),volume_spike,no,0.6500,0.3900,1899,8,479.6,not catchable: entry 4c above signal; thin: $8 depth < $500,,,,
2026-07-11T14:24:49Z,1783779890,kalshi,KXPGATOP20-GESO26-CDAV,Genesis Scottish Open: Top 20 Finishers — Cameron Davis,sports,calib,0,19,price jump -6c in 2.4h,price_jump,no,0.0850,0.9800,1825,216,681.6,too late: entry 0.98 > 0.85; not catchable: entry 6c above signal; thin: $216 depth < $500,,,,
2026-07-11T14:24:49Z,1783779890,kalshi,KXTRUMPMENTIONB-26JUL09-BARA,What will Trump say during his announcement? — Barack Hussein Obama,other,calib,0,22,price jump -7c in 2.4h,price_jump,no,0.2750,0.7900,1779,13,287.6,not catchable: entry 7c above signal; thin: $13 depth < $500,,,,
2026-07-11T14:24:49Z,1783779890,kalshi,KXRT-ODY-80,The Odyssey: Rotten Tomatoes score — Above 80,entertainment,calib,0,35,volume spike (104x baseline),volume_spike,yes,0.9250,0.9300,1735,428,215.6,too late: entry 0.93 > 0.85; thin: $428 depth < $500,,,,
2026-07-11T14:24:49Z,1783779890,kalshi,KXFIRSTHURRICANE-26DEC01EPAC-ELI,What will be the name of the first hurricane in the Eastern Pacific this year? — Elida,other,calib,0,16,price jump +5c in 2.4h,price_jump,yes,0.6850,0.6900,1643,1,3432.6,thin: $1 depth < $500; resolves in 143d — too slow,,,,
2026-07-11T14:24:49Z,1783779890,kalshi,KXHOOD-26JULFUNDED-P28000000.0,Robinhood funded customers in Q2 — Above 28 million,other,calib,0,35,volume spike (862x baseline),volume_spike,no,0.5750,0.4300,1595,430,1157.6,thin: $430 depth < $500,,,,
2026-07-11T14:24:49Z,1783779890,kalshi,KXCOINBASE-26JULVOL-220000000000,Coinbase total trading volume in Q2 — Above $220 billion,crypto,calib,0,35,price jump -36c in 2.4h,price_jump,no,0.1050,0.9000,1516,100,3325.6,too late: entry 0.90 > 0.85; thin: $100 depth < $500; resolves in 139d — too slow,,,,
2026-07-11T14:24:49Z,1783779890,kalshi,KXCYCLINGSTAGE-26TDFRSTAGE8-TMER,Tour de France: Stage 8 Winner — Tim Merlier,sports,calib,0,16,price jump +5c in 2.4h,price_jump,yes,0.5700,0.7500,1470,4,699.4,not catchable: entry 18c above signal; thin: $4 depth < $500,,,,
2026-07-11T14:24:49Z,1783779890,kalshi,KXPGATOP10-GESO26-JTHO,Genesis Scottish Open: Top 10 Finishers — Justin Thomas,sports,calib,0,35,price jump -13c in 2.4h,price_jump,no,0.1800,0.8600,1229,181,681.6,too late: entry 0.86 > 0.85; not catchable: entry 4c above signal; thin: $181 depth < $500,,,,
2026-07-11T14:24:49Z,1783779890,kalshi,KXMRBEASTMENTION-26JUL11-CHAN,What will MrBeast say during his next YouTube video? — Chandler,other,calib,0,35,price jump -15c in 2.4h,price_jump,no,0.4400,0.6100,1047,5,1559.6,not catchable: entry 5c above signal; thin: $5 depth < $500,,,,
2026-07-11T14:24:49Z,1783779890,poly,0x0c4cd2055d6ea89354ffddc55d6dbcef9355748112ea952fc925f3db6a5c457f,Will Argentina win the 2026 FIFA World Cup?,sports,calib,0,34,"volume spike (3x baseline) + $864 single trade (against YES, 97x typical)",large_trade+volume_spike,no,0.1765,0.8240,1367435,5380514,201.6,,0x8d91d5568bd048728554617d56e5e54e2f502109,,,
2026-07-11T14:24:49Z,1783779890,poly,0xb8e6d129a06d0ccb21d7b32eb529ea455eddba3cf29bfa097112202cbdf5bf21,Strait of Hormuz traffic returns to normal by July 31?,other,calib,1,70,"volume spike (19x baseline) + $7,946 single trade (into YES, 854x typical) + out of character (19x this wallet's typical size)",large_trade+volume_spike+within_trader,yes,0.1050,0.1100,789191,385616,465.6,,0x35bbbad2415fe5e39b12da9a316cdc80b022009b,,,
2026-07-11T14:24:49Z,1783779890,poly,0xa4402219045f0fe392ea08a92d6f50b89419976d484aba5592d19bb65ea7b5c6,Will LeBron James play for the Cleveland Cavaliers in 2026-27?,sports,calib,0,17,price jump +5c in 2.4h,price_jump,yes,0.4800,0.4890,267281,54270,2677.6,resolves in 112d — too slow,,,,
2026-07-11T14:24:49Z,1783779890,poly,0x6c486242e79252cc0bb57163a3b8d95e3b9538ea6a1de2e91848beeb5c6ad986,Iran full airspace closure by July 15?,other,calib,0,43,"volume spike (5x baseline) + $2,200 single trade (against YES, 220x typical)",large_trade+volume_spike,no,0.0725,0.9280,265117,44386,105.6,too late: entry 0.93 > 0.85,0x2974bd0059e48f215c391882976e0f1b4c8c9c23,,,
2026-07-11T14:24:49Z,1783779890,poly,0x086013bff1b8a3a5ccd79397212c4249e6dfbc30ebe2af6302c1672139090d4d,Exact Score: Norway 1 - 1 England?,sports,calib,0,45,"volume spike (4x baseline) + $1,560 single trade (into YES, 226x typical) + out of character (85x this wallet's typical size)",large_trade+volume_spike+within_trader,yes,0.1250,0.1300,235808,1302582,6.6,resolves in 7h — no lag window,0xde0a3c61ef2c9d98794e388274857d45f904f102,,,
2026-07-11T14:24:49Z,1783779890,poly,0xeee4eed57180948422c259a91e74d8a6742c65878181ca9ca122975ed11d2b48,"Will Samuel Alito announce his retirement by July 15, 2026?",other,calib,0,50,"volume spike (249x baseline) + $1,823 single trade (into YES, 367x typical)",large_trade+volume_spike,yes,0.0435,0.0450,221240,142052,4161.6,longshot: entry 0.04 < 0.05; resolves in 173d — too slow,0x69c5c6f6a4dda665991c203bc8d5df3e006b1e01,,,
2026-07-11T14:24:49Z,1783779890,poly,0x2c03c41e5032364cb7166e842bdd22913f28aa2c837d8432704aa89c338875c8,Will Pete Buttigieg win the 2028 US Presidential Election?,politics,calib,0,35,volume spike (7x baseline),volume_spike,yes,0.0245,0.0250,215744,489665,20385.6,longshot: entry 0.03 < 0.05; resolves in 849d — too slow,,,,
2026-07-11T14:24:49Z,1783779890,poly,0x3f656230866732b8d6f7ecb64313786ae988a21c416960bfceac00f693637f9f,Erling Haaland: 1+ goals,sports,calib,0,48,"volume spike (4x baseline) + $1,058 single trade (into YES, 106x typical) + out of character (20x this wallet's typical size)",large_trade+volume_spike+within_trader,yes,0.4650,0.4700,212626,251698,6.6,resolves in 7h — no lag window,0x2ae15ad220d96df30287fa7dc2f5ba63060f378f,,,
2026-07-11T14:24:49Z,1783779890,poly,0x1f5ed2af66a46fe492001aba482f8196112a6ce4946f5159525b30e9ccc4ac60,Exact Score: Argentina 2 - 1 Switzerland?,sports,calib,0,44,"volume spike (4x baseline) + $1,893 single trade (into YES, 398x typical) + out of character (18x this wallet's typical size)",large_trade+volume_spike+within_trader,yes,0.1050,0.1100,184939,1614030,10.6,resolves in 11h — no lag window,0xcdf3663e6dc8c29ca560ad0b5522e253f149538d,,,
2026-07-11T14:24:49Z,1783779890,poly,0x136f4e242faeb42f66fa6baf4c192fbfa0b5788ed47a2bf1a3d3a2051b87715a,Will the US announce a blockade on Iran by July 31?,other,calib,0,30,volume spike (5x baseline),volume_spike,no,0.1900,0.8200,181624,54126,489.6,,,,,
2026-07-11T14:24:49Z,1783779890,poly,0x60c2c085ee8c16bc8f2419739a94971d4c9d00f637ead10fc0f540afa1be64e8,Strait of Hormuz traffic returns to normal by August 31?,other,calib,0,65,"volume spike (5x baseline) + $1,300 single trade (into YES, 167x typical) + repeat actor — same wallet flipped sides + out of character (300x this wallet's typical size)",large_trade+repeat_actor+volume_spike+within_trader,yes,0.2550,0.2600,145550,128050,1209.6,,0x876bb030ddd424ef505ae02914024cf18c6a1703,,,
2026-07-11T14:24:49Z,1783779890,poly,0x05ec6874762eab8b8fb5456bbc784b8e93ace110970b299ab520bdf9fd1d5c0e,Exact Score: Argentina 3 - 2 Switzerland?,sports,calib,M,83,"volume spike (6x baseline) + $12,533 single trade (against YES, 2507x typical) + repeat actor (3 flags) + out of character (1256x this wallet's typical size)",large_trade+repeat_actor+volume_spike+within_trader,no,0.0220,0.9790,130005,154460,10.6,too late: entry 0.98 > 0.85; resolves in 11h — no lag window,0x204f72f35326db932158cba6adff0b9a1da95e14,,,
2026-07-11T14:24:49Z,1783779890,poly,0x7162118722a6abe965c964e8c694ff0f232221d9bb2263bd92e5902633381893,Kharg Island no longer under Iranian control by July 31?,other,calib,0,62,"volume spike (11x baseline) + $3,798 single trade (into YES, 760x typical) + out of character (8x this wallet's typical size)",large_trade+volume_spike+within_trader,yes,0.0160,0.0180,112048,152262,,longshot: entry 0.02 < 0.05,0xee318aaeeb668e75970b4809533ce4e92ca64735,,,
2026-07-11T14:24:49Z,1783779890,poly,0xace3c72c24fccb6731433483ece41c780432d84850edccd5a6bf3147ccea62a9,Will the US confirm that aliens exist by September 30?,other,calib,0,61,"volume spike (4x baseline) + $1,149 single trade (against YES, 115x typical) + fresh wallet (<3d old) loading up + out of character (1153x this wallet's typical size)",fresh_wallet+large_trade+volume_spike+within_trader,no,0.0325,0.9680,94807,333039,1929.6,too late: entry 0.97 > 0.85,0x82e9d3f90d899a01490a5d7ae41ad9ab3169b34c,,,
2026-07-11T14:24:49Z,1783779890,poly,0x5f1b1caf70eb994bfff2986727a05a3ac9f7ec8b0da4017f7732596d023e5a07,Will Kristi Noem win the 2028 Republican presidential nomination?,politics,calib,0,35,volume spike (255x baseline),volume_spike,yes,0.0055,0.0060,89008,1903854,20385.6,longshot: entry 0.01 < 0.05; resolves in 849d — too slow,,,,
2026-07-11T14:24:49Z,1783779890,poly,0xb838caec0354e09985f2c228c54ba190cb284f390beda5ffd58d163ba00648ec,"US x Iran diplomatic meeting by July 31, 2026?",other,calib,0,38,"volume spike (4x baseline) + $529 single trade (against YES, 48x typical)",large_trade+volume_spike,no,0.4450,0.5600,88821,64376,489.6,,0xbf4d202382ba5702721a8c43126f5f08163733ed,,,
2026-07-11T14:24:49Z,1783779890,poly,0x05297f854d3b757d5e51a1a29c7f225a80b14b2a161d6b7f9a61677da7a80ced,Will Renan Santos win the 2026 Brazilian presidential election?,politics,calib,0,38,"volume spike (4x baseline) + $579 single trade (against YES, 34x typical)",large_trade+volume_spike,no,0.1115,0.8920,82634,276992,2025.6,too late: entry 0.89 > 0.85,0xdadc48edb7b3bc076498b778ae5cc5d35f8a195e,,,
2026-07-11T14:24:49Z,1783779890,poly,0x4717bcfd9bcefb3a3a2d67603de458a12c70055b749a507eb86a6de205da03e9,Norway vs. England: Draw at halftime?,sports,calib,M,64,"volume spike (12x baseline) + $8,973 single trade (into YES, 987x typical)",large_trade+volume_spike,yes,0.4250,0.4300,80670,479677,6.6,resolves in 7h — no lag window,0x2117ae94a97d69b78cbc81b6680a62deb1955c26,,,
2026-07-11T14:24:49Z,1783779890,poly,0x1aedc159eae1d147930fddb11ae1a9ad4e079cd13e18d6ac0558965d08dcd53c,Iran commits not to attack ships in Hormuz by Sunday?,other,calib,1,88,"volume spike (14x baseline) + price jump +9c in 2.4h + $6,000 single trade (against YES, 462x typical)",large_trade+price_jump+volume_spike,no,0.2300,0.7800,78474,14481,33.6,,0xfc2f4f50ce2f6045d35558a5e2d8d4b2ac6610c7,,,
2026-07-11T14:24:49Z,1783779890,poly,0xe747d9f9734f79e939daf9a683560e5576c2daee20c33a5588c680c6f400fbb6,Will Bilibili Gaming win MSI 2026?,other,calib,1,54,"volume spike (19x baseline) + $4,060 single trade (into YES, 203x typical)",large_trade+volume_spike,yes,0.5950,0.6000,71744,33248,37.6,,0x2b361e4d8708af1e97c0b0565261db1e6bf9b103,,,
2026-07-11T14:24:49Z,1783779890,poly,0x3ee28779c8b5f674a6d695b0038893a7a1a1829adc0331572d2ad89577750992,Will Mjallby AIF win on 2026-07-11?,sports,calib,1,47,"price jump -18c in 2.4h + $586 single trade (into YES, 103x typical)",large_trade+price_jump,yes,0.3150,0.3200,70780,84046,,,0x9fad8308ef6b6ed5320e53a290a3bd4ad91f5a9f,,,
2026-07-11T14:24:49Z,1783779890,poly,0xd92bc27584a025ecd9d7dc273fca9321a725436fa5f3be0a21cc1b94a7cd1207,Lionel Messi: 1+ goals,sports,calib,0,48,"volume spike (6x baseline) + $759 single trade (against YES, 76x typical)",large_trade+volume_spike,no,0.5050,0.5000,68880,206068,10.6,resolves in 11h — no lag window,0xe72bb501df5306c75c89383d48a1e81073fbb0a0,,,
2026-07-11T14:24:49Z,1783779890,poly,0x985c20ed2bac3ebe1ad755016740e7af684bfb0b9b510856caa00de3944ff33e,Exact Score: Argentina 2 - 3 Switzerland?,sports,calib,0,62,"volume spike (4x baseline) + $9,890 single trade (against YES, 2203x typical) + repeat actor (4 flags)",large_trade+repeat_actor+volume_spike,no,0.0110,0.9900,67557,146233,10.6,too late: entry 0.99 > 0.85; resolves in 11h — no lag window,0x204f72f35326db932158cba6adff0b9a1da95e14,,,
2026-07-11T14:24:49Z,1783779890,poly,0x8ecd1d15e521b7d1020ad5596cc981c8764e9dcfbc3648f582e1a5138aee7185,Will Beto O’Rourke win the 2028 Democratic presidential nomination?,politics,calib,0,35,volume spike (19x baseline),volume_spike,yes,0.0055,0.0060,66776,2606231,20385.6,longshot: entry 0.01 < 0.05; resolves in 849d — too slow,,,,
2026-07-11T14:24:49Z,1783779890,poly,0x253676d94edd8f3e92060410bec8bca9117890d117d06664d31867db0e396c56,Mojtaba Khamenei seen in public by July 31?,other,calib,0,48,"volume spike (8x baseline) + $1,134 single trade (into YES, 195x typical)",large_trade+volume_spike,yes,0.0650,0.0700,63379,31617,465.6,,0xa9f2d6b4a8b0b322ddb2f837c2852c1b47056c8e,,,
2026-07-11T14:24:49Z,1783779890,poly,0xee73598fe623e4ef90bcbad595ac90c365854cb8ea234a8b8d6f4fed74bfb660,Exact Score: Argentina 2 - 2 Switzerland?,sports,calib,0,50,"volume spike (3x baseline) + $4,790 single trade (against YES, 1261x typical) + repeat actor (5 flags)",large_trade+repeat_actor+volume_spike,no,0.0415,0.9590,61806,193966,10.6,too late: entry 0.96 > 0.85; resolves in 11h — no lag window,0x204f72f35326db932158cba6adff0b9a1da95e14,,,
2026-07-11T14:24:49Z,1783779890,poly,0xbdf08297ec6e7c68cf8b24550f5fd2b648095bffa74495c732ce0a31222b1bbb,Will Hanwha Life Esports win MSI 2026?,other,calib,0,95,"volume spike (37x baseline) + price jump +10c in 2.4h + $11,600 single trade (against YES, 873x typical)",large_trade+price_jump+volume_spike,no,0.4050,0.6000,58359,48404,37.6,,0x99f6d49711a91c4dbd9e28c48a3508fae92f37fc,,,
2026-07-11T14:24:49Z,1783779890,poly,0x3a869359895989c1dee6f920c203f12791f03c206e86ce48353c46626ee743b1,Will WTI Crude Oil (WTI) hit (HIGH) $85 in July?,other,calib,0,49,"volume spike (7x baseline) + $1,572 single trade (against YES, 151x typical)",large_trade+volume_spike,no,0.1350,0.8700,52411,46665,493.6,too late: entry 0.87 > 0.85,0x25db6ca5935ae858a5c1f2dcd5c62939805328de,,,
2026-07-11T14:24:49Z,1783779890,poly,0x636f780f794635820e8cafe81924ef2dd67622fc01b6b2e5e64e9cc99593a005,Will Iran announce withdrawal from MOU negotiations by July 31?,other,calib,0,35,volume spike (6x baseline),volume_spike,yes,0.1350,0.1400,51621,201065,489.6,,,,,
2026-07-11T14:24:49Z,1783779890,poly,0x1d6ecd46e3809e8aba1aba23429a2ab77236f895704e18f7f466e68aeebaa307,Exact Score: Argentina 1 - 1 Switzerland?,sports,calib,0,44,"volume spike (5x baseline) + $520 single trade (into YES, 113x typical)",large_trade+volume_spike,yes,0.1250,0.1300,50995,1243030,10.6,resolves in 11h — no lag window,0x160df84695ed42f620a1b2fa4cb69a5f69986f25,,,
2026-07-11T14:24:49Z,1783779890,poly,0xb783a7aaf31cb387a6d393bbdfd00cff1c7b6aeebb960931bfe0cb7483ed804a,Norway leading at halftime?,sports,calib,0,33,volume spike (6x baseline),volume_spike,yes,0.2150,0.2200,46493,408751,6.6,resolves in 7h — no lag window,,,,
2026-07-11T14:24:49Z,1783779890,poly,0x5fe50c3617f3a7385aaaa076897b60ca9312dfe67252b0581a688af31b7961ca,Will the US announce withdrawal from MOU negotiations by July 31?,other,calib,0,35,volume spike (15x baseline),volume_spike,yes,0.1800,0.1900,41641,50721,489.6,,,,,
2026-07-11T14:24:49Z,1783779890,poly,0xa08a5ce99e14ce0b22767af6f16c08a2ab012249444c20887193a9a3e98e11fc,Strait of Hormuz traffic returns to normal by September 30?,other,calib,0,38,"volume spike (4x baseline) + $1,104 single trade (into YES, 55x typical)",large_trade+volume_spike,yes,0.3750,0.3800,39622,157083,1929.6,,0xeca0c0888e34df59589c67fbe53dc7f298b5e8f8,,,
2026-07-11T14:24:49Z,1783779890,poly,0x1352df0d34b81488545f60ea310c9cdd2d86f50011555187713491422f630b77,Exact Score: Argentina 1 - 0 Switzerland?,sports,calib,0,21,volume spike (3x baseline),volume_spike,yes,0.1550,0.1600,38301,1203281,10.6,resolves in 11h — no lag window,,,,
2026-07-11T14:24:49Z,1783779890,poly,0x4c325469d9b516ef4e6b8f73a81a12607dec075e3c2fd454f91765aaeafc4760,Will Pete Buttigieg win the 2028 Democratic presidential nomination?,politics,calib,0,47,"volume spike (167x baseline) + $531 single trade (into YES, 16x typical)",large_trade+volume_spike,yes,0.0530,0.0540,35878,334897,20385.6,resolves in 849d — too slow,0xd9f9a8acbac0d8f9f55686da588c5830bfd60f4d,,,
2026-07-11T14:24:49Z,1783779890,poly,0x6389dc74e27218b50657af632dbca4c5005d241c760bd979944bcd0d68493380,President Trump to Attend World Cup Final?,sports,calib,0,50,"volume spike (18x baseline) + $2,181 single trade (into YES, 1246x typical)",large_trade+volume_spike,yes,0.9350,0.9400,35808,56930,205.6,too late: entry 0.94 > 0.85,0x6b46f76ddde535b27df02ffd34b04e133903db90,,,
2026-07-11T14:24:49Z,1783779890,poly,0x915489b259ded8c2197beb12a5af741bec45ce053ad11ca062d4e4cf12a86650,Nigma Galaxy to win 2-0?,sports,calib,0,48,price jump +30c in 2.4h + outsized impact (8x baseline move-per-volume),price_impact+price_jump,yes,0.7300,0.8800,34779,512,3.8,"too late: entry 0.88 > 0.85; not catchable: entry 15c above signal; thin: $512 depth < $2,000; resolves in 4h — no lag window",,,,
2026-07-11T14:24:49Z,1783779890,poly,0xf51fa8b8484ac74ba474fc0d82c67655cae2b4e17d10d74b8cce430f05dedc58,Will LeBron James play for the Denver Nuggets in 2026-27?,sports,calib,0,35,volume spike (6x baseline),volume_spike,no,0.0090,0.9920,33724,43749,2677.6,too late: entry 0.99 > 0.85; resolves in 112d — too slow,,,,
2026-07-11T14:24:49Z,1783779890,poly,0x3910cb53f972d00c049ad674c1b183b375bd56786eb4c085ea217f84defdd1ca,Will Argentina reach the Semifinals at the 2026 FIFA World Cup?,sports,calib,1,47,"volume spike (5x baseline) + $3,020 single trade (into YES, 2517x typical)",large_trade+volume_spike,yes,0.7550,0.7600,27331,248800,33.6,,0xcccc2477f2206b2daa9aaba13f7aa72a884f05b2,,,
2026-07-11T14:24:49Z,1783779890,poly,0xeb9f5707eabf3c272097196b137d841fda958ec64aecff36283cc448a7e3e40b,Iran military action against a Gulf State on July 9?,other,calib,1,93,"volume spike (14x baseline) + price jump +44c in 2.4h + outsized impact (6x baseline move-per-volume) + $676 single trade (against YES, 56x typical)",large_trade+price_impact+price_jump+volume_spike,no,0.5090,0.4920,26022,3195,,,0x92d0cb81e6c891b835c8e0272e8c323095bd269e,,,
2026-07-11T14:24:49Z,1783779890,poly,0x1d79c04cc30eec6dde12303ec4e34a5673adb5c670bd91e2d44e10eacfb64ba5,Norway vs. England: Will the Match Go to a Penalty Shootout?,sports,calib,0,26,volume spike (4x baseline),volume_spike,yes,0.1450,0.1500,25938,167258,6.6,resolves in 7h — no lag window,,,,
2026-07-11T14:24:49Z,1783779890,poly,0x95fc6a4ed7f6856d26aa7f21b9f902d05c9cf76b616fd3463de4d147f7a9126b,Bab el-Mandeb Strait effectively closed by September 30?,other,calib,0,35,volume spike (17x baseline),volume_spike,no,0.1150,0.8900,24730,85562,,too late: entry 0.89 > 0.85,,,,
2026-07-11T14:24:49Z,1783779890,poly,0x08a68ae97395a7c4a88b9546491621b1c94dc82d77c7631616bee6beaa5ae972,"Will Elon Musk post 260-279 tweets from July 7 to July 14, 2026?",other,calib,0,38,volume spike (4x baseline) + price jump +5c in 2.4h,price_jump+volume_spike,yes,0.2295,0.2360,24327,32493,73.6,,,,,
2026-07-11T14:24:49Z,1783779890,poly,0xce3c54c3e773e8b3bf73e4c12af93205b21195d03b9c386e22f274b9acfc2c56,"Will Bitcoin dip to $50,000 by December 31, 2026?",crypto,calib,0,35,volume spike (13x baseline),volume_spike,yes,0.4350,0.4400,24236,112731,4166.6,resolves in 174d — too slow,,,,
2026-07-11T14:24:49Z,1783779890,poly,0x4c63863c9f4449243981ae1748c5ee9d4d8c8f22e25f708a9afd4c86e124f360,Will WTI Crude Oil (WTI) hit (HIGH) $90 in July?,other,calib,0,35,volume spike (8x baseline),volume_spike,yes,0.0690,0.0700,23980,21610,493.6,,,,,
2026-07-11T14:24:49Z,1783779890,poly,0x752fa61c93f16c4b15e85b0bd438d9c684176b0ea7b319a84c8aca34616e8a8c,"Will Bitcoin dip to $55,000 by December 31, 2026?",crypto,calib,0,35,volume spike (79x baseline),volume_spike,yes,0.6050,0.6100,22018,75842,4166.6,resolves in 174d — too slow,,,,
2026-07-11T14:24:49Z,1783779890,poly,0xc65b037d40fd0d6783588e44ef94f712853e8b63186cda1f2213e529752f5cc4,"Will the next diplomatic US-Iran meeting be in Switzerland by September 30, 2026?",other,calib,0,35,volume spike (7x baseline),volume_spike,yes,0.2850,0.2900,21879,32971,1953.6,,,,,
2026-07-11T14:24:49Z,1783779890,poly,0xe52d08ac92ff6013a7e0fa93a53b07a44ec30bdd1a24103c1468e4e6aafb5fbc,"Will Elon Musk post 220-239 tweets from July 7 to July 14, 2026?",other,calib,1,40,volume spike (4x baseline) + price jump -5c in 2.4h,price_jump+volume_spike,no,0.2080,0.7940,21782,30245,73.6,,,,,
2026-07-11T14:24:49Z,1783779890,poly,0xccf3bbf592a14e9f552972e8e91f287165db152a03b898f14f27bf016f48a66b,Jude Bellingham: 1+ goals,sports,calib,0,30,volume spike (5x baseline),volume_spike,yes,0.2650,0.2700,21379,66404,6.6,resolves in 7h — no lag window,,,,
2026-07-11T14:24:49Z,1783779890,poly,0x0f4d95f12e8537ecca25d475f1bdc1747692fb2f809bb66bda5ac9544e06fb61,Will Israeli forces withdraw from beyond the Litani River by December 31,other,calib,0,35,volume spike (42x baseline),volume_spike,yes,0.3850,0.3900,20633,58965,4141.6,resolves in 173d — too slow,,,,
2026-07-11T14:24:49Z,1783779890,poly,0x83f5724151afc1545bcd34df014e1d5d43a591b668262bc07b9f4f8863970a91,Will Conor McGregor win by KO or TKO?,sports,calib,0,35,volume spike (8x baseline),volume_spike,no,0.2450,0.7600,19880,185294,13.6,resolves in 14h — no lag window,,,,
2026-07-11T14:24:49Z,1783779890,poly,0xd604981d817e4aba8a375457f41a6109c724c1ab8246d3c27a83f01a53f34f48,"Will the price of Ethereum be above $1,800 on July 11?",crypto,calib,0,58,volume spike (4x baseline) + price jump +26c in 2.4h,price_jump+volume_spike,yes,0.7600,0.7700,19733,13401,1.6,resolves in 2h — no lag window,,,,
2026-07-11T14:24:49Z,1783779890,poly,0x32f42493c8f05f46da6d8c6b6f7b75bab035e279c91ca19464053d84bc1f5a1f,Bank of Japan increases interest rates by 50+ bps after the July 2026 meeting?,other,calib,0,35,volume spike (14x baseline),volume_spike,yes,0.0085,0.0100,18938,65428,465.6,longshot: entry 0.01 < 0.05,,,,
2026-07-11T14:24:49Z,1783779890,poly,0x3ada778804b63d2ce73168b40519d6c8e44a1ef910ac984515de652cd05559d8,"Will the next GPT model released by OpenAI debut at a score of at least 1470 by December 31, 2026?",other,calib,0,35,volume spike (52x baseline),volume_spike,yes,0.0115,0.0120,18838,20026,4161.6,longshot: entry 0.01 < 0.05; resolves in 173d — too slow,,,,
2026-07-11T14:24:49Z,1783779890,poly,0xac02cbb049e46d6a3627c0fdf52fa554982a9025d45968207b362acb6ca4b830,Will the Fed decrease interest rates by 25 bps after the September 2026 meeting?,other,calib,0,19,volume spike (3x baseline),volume_spike,yes,0.0415,0.0420,18483,189435,1593.6,longshot: entry 0.04 < 0.05,,,,
2026-07-11T14:24:49Z,1783779890,poly,0xc9fb87e53db0da655ddee155cdbf4a77c47d73c912ac3cd6e35efbab1b6b282a,"Will 60 ships transit the Strait of Hormuz on any day by July 31, 2026?",other,calib,0,35,volume spike (110x baseline),volume_spike,yes,0.2000,0.2100,17798,37633,489.6,,,,,
2026-07-11T14:24:49Z,1783779890,poly,0x0b0239149756e9cd15dbe0f9fbe295160075f26cd46ba3f537d932a3cc90ddae,Will the highest temperature in London be 27°C on July 11?,other,calib,0,35,price jump +32c in 2.4h,price_jump,yes,0.4525,0.5260,17616,254,,"not catchable: entry 7c above signal; thin: $254 depth < $2,000",,,,
2026-07-11T14:24:49Z,1783779890,poly,0xd25ca4fc73273e5d4b6bea24b4400fdfb63a46948e5a3f1873e861f1cb08aa64,"Will ""Moana"" Opening Weekend Box Office be greater than 44m?",entertainment,calib,0,35,price jump -17c in 2.4h,price_jump,no,0.0600,0.9500,17184,10890,45.6,too late: entry 0.95 > 0.85,,,,
2026-07-11T14:24:49Z,1783779890,poly,0x20208113a0bee764f7444ec2b8a90c1fd84bf2b7d0fb4d808c47da52b1521486,World Cup: Goalkeeper to Score?,sports,calib,0,23,volume spike (4x baseline),volume_spike,no,0.0150,0.9860,14472,193112,205.6,too late: entry 0.99 > 0.85,,,,
2026-07-11T14:24:49Z,1783779890,poly,0x12aa595f4883b1a856dcf8155b87e89a8d098b5ad8a7781c75804fd13d166718,Israel closes its airspace by August 31?,other,calib,0,35,volume spike (7x baseline),volume_spike,yes,0.2050,0.2100,14304,48941,81.6,,,,,
2026-07-11T14:24:49Z,1783779890,poly,0xb314f5dbf75919a34d4997e8b22e6793505e3377a690eaa11a75a2547e926bee,Will Ro Khanna win the 2028 US Presidential Election?,politics,calib,0,35,volume spike (7x baseline),volume_spike,yes,0.0075,0.0080,14287,374495,20385.6,longshot: entry 0.01 < 0.05; resolves in 849d — too slow,,,,
2026-07-11T14:24:49Z,1783779890,poly,0xbca3d70ec52a5a441ccc365a3b1b48b9cd0f08dfff4bc5871e2cd92d0d92caa1,Will Ronaldo Caiado win the 2026 Brazilian presidential election?,politics,calib,0,35,volume spike (11x baseline),volume_spike,yes,0.0155,0.0160,14156,297743,2025.6,longshot: entry 0.02 < 0.05,,,,
2026-07-11T14:24:49Z,1783779890,poly,0x2716a89ac0adb404b1651b2f8c153261ea28fddcc2523f6664638a5aeb0a77cb,No change in Bank of Japan’s interest rates after the July 2026 meeting?,other,calib,0,35,volume spike (53x baseline),volume_spike,no,0.9880,0.0130,13382,20032,465.6,longshot: entry 0.01 < 0.05,,,,
2026-07-11T14:24:49Z,1783779890,poly,0x80b3af88cb991980e8da1ce86b9794a0957f96ec98c29319dd7ba65e9744d82b,Fed rate hike in 2026?,other,calib,0,35,volume spike (27x baseline),volume_spike,yes,0.5350,0.5400,13183,123917,3609.6,resolves in 150d — too slow,,,,
2026-07-11T14:24:49Z,1783779890,poly,0xb12d5272fa7afee2252d16f367cb4a03ffcafe4224944b30a542e712897d97ad,"Will the next Grok model released by xAI debut at a score of at least 1460 by December 31, 2026?",other,calib,0,35,volume spike (48x baseline),volume_spike,no,0.0225,0.9780,12441,12014,4161.6,too late: entry 0.98 > 0.85; resolves in 173d — too slow,,,,
2026-07-11T14:24:49Z,1783779890,poly,0xbad91c213787a7542345b8abd72a1d55754987c47ba82ef5d4aa625ac046f024,Iran full airspace closure by August 31?,other,calib,0,35,volume spike (20x baseline),volume_spike,yes,0.2650,0.2700,12039,22739,1233.6,,,,,
2026-07-11T14:24:49Z,1783779890,poly,0xbe9d61d80c767264a0adc8a16453fbcaf0413e673e665cc7c14701691143fac0,"Will Ukraine recapture Crimean territory by December 31, 2026?",other,calib,0,35,volume spike (105x baseline),volume_spike,yes,0.1050,0.1100,11962,283549,4137.6,resolves in 172d — too slow,,,,
2026-07-11T14:24:49Z,1783779890,poly,0x0a7df5d198e78b82e203ed9218a2039e9232626ae7a0582ea73c67e4bedd05af,Will fewer than 150 ships transit the Strait of Hormuz between July 6-July 12?,other,calib,0,38,volume spike (4x baseline) + price jump +5c in 2.4h,price_jump+volume_spike,yes,0.5870,0.6230,10629,29187,33.6,not catchable: entry 4c above signal,,,,
2026-07-11T14:24:49Z,1783779890,poly,0xcfa5b3d9e618d3f7dbda457b95af3b45d23e53d5b90b7474638769d0003a30bf,Will WTI Crude Oil (WTI) hit (LOW) $60 in July?,other,calib,0,35,volume spike (22x baseline),volume_spike,no,0.0640,0.9380,10610,71351,493.6,too late: entry 0.94 > 0.85,,,,
2026-07-11T14:24:49Z,1783779890,poly,0x4983676a02b716ac06245cf29ca8c50dc9ec1b398236073e863819674cc32e18,"Will the price of Bitcoin be above $62,000 on July 13?",crypto,calib,0,35,volume spike (9x baseline),volume_spike,no,0.9500,0.0600,9590,21125,49.6,,,,,
2026-07-11T14:24:49Z,1783779890,poly,0xa0e13ca95b90a932156c7d94597a5506f223841194ea3f7fb219e12b7a87eee5,"Will Bitcoin dip to $64,000 on July 11?",crypto,calib,0,35,price jump -18c in 2.4h,price_jump,no,0.4600,0.5900,9446,107,13.6,"not catchable: entry 5c above signal; thin: $107 depth < $2,000; resolves in 14h — no lag window",,,,
2026-07-11T14:24:49Z,1783779890,poly,0x777c36cb439b5a8cf54d2449c2d355f91fc50d7c076caad4deaf97c749489392,Will Manchester United win the 2026-27 English Premier League (EPL) Championship?,sports,calib,0,35,volume spike (202x baseline),volume_spike,no,0.1250,0.8800,9347,159213,7761.6,too late: entry 0.88 > 0.85; resolves in 323d — too slow,,,,
