ts,platform,market_id,title,category,score,signals,mode,reasons
2026-07-11T05:10:28Z,kalshi,KXLOVEISLANDUSARANK-26AUG31R3-KAZA,Love Island USA S8: 3rd place couple — Kayda and Zach,entertainment,16,price jump -5c in 0.1h,calib,thin: $22 depth < $500; score 16 < 40
2026-07-11T05:10:28Z,kalshi,KXWORLDNEWSMENTION-26JUL10-CHAR,What will David Muir say during ABC World News Tonight? — Charlie / Kirk,other,35,price jump -12c in 0.1h,calib,not catchable: entry 4c above signal; thin: $12 depth < $500; score 35 < 40
2026-07-11T05:10:28Z,kalshi,KXTRUMPSAYCOMPANY-26AUG01-GOOG,What companies will Trump say in July? — Google / GOOG / GOOGL,other,35,price jump -38c in 0.1h,calib,thin: $22 depth < $500; score 35 < 40
2026-07-11T05:10:28Z,kalshi,KXFIRSTHURRICANE-26DEC01EPAC-ELI,What will be the name of the first hurricane in the Eastern Pacific this year? — Elida,other,19,price jump +6c in 0.1h,calib,thin: $137 depth < $500; resolves in 143d — too slow; score 19 < 40
2026-07-11T05:10:28Z,poly,0xd25ca4fc73273e5d4b6bea24b4400fdfb63a46948e5a3f1873e861f1cb08aa64,"Will ""Moana"" Opening Weekend Box Office be greater than 44m?",entertainment,21,price jump +6c in 0.1h,calib,score 21 < 40
2026-07-11T05:10:28Z,poly,0x204266528664e23d76b74cfd83341c5aadd5ec9715c0a9be485c7a1b9b051a73,"Will ""Moana"" Opening Weekend Box Office be between 39m and 44m?",entertainment,19,price jump -6c in 0.1h,calib,score 19 < 40
2026-07-11T07:17:25Z,kalshi,KXLOVEISLANDUSARANK-26AUG31R3-KAZA,Love Island USA S8: 3rd place couple — Kayda and Zach,entertainment,16,price jump +5c in 2.1h,calib,thin: $1 depth < $500; score 16 < 40
2026-07-11T07:17:25Z,kalshi,KXLOVEISLANDUSARANK-26AUG31R3-MESI,Love Island USA S8: 3rd place couple — Melanie and Sincere,entertainment,19,price jump -6c in 2.1h,calib,thin: $8 depth < $500; score 19 < 40
2026-07-11T07:17:25Z,kalshi,KXWCAWARD-26BYP-DDOUE,Best Young Player Award Winner — Desire Doue,sports,22,price jump -7c in 2.1h,calib,not catchable: entry 6c above signal; thin: $21 depth < $500; score 22 < 40
2026-07-11T07:17:25Z,kalshi,KXFIGHTMENTION-26JUL11MCGHOL-BLOO,What will the announcers say during Conor McGregor vs Max Holloway Fight — Blood / Bloody / Bloodied,sports,29,price jump -9c in 2.1h,calib,thin: $5 depth < $500; score 29 < 40
2026-07-11T07:17:25Z,kalshi,KXCYCLINGTEAM-26TDFR-UAT,Tour de France Team Winner — UAE Team Emirates-XRG,sports,27,price jump -8c in 2.1h,calib,thin: $0 depth < $500; score 27 < 40
2026-07-11T07:17:25Z,kalshi,KXWCGOALEVERYGAME-26KO-Y,World Cup: Any Player to Score a Goal in Every Knockout Stage Match,sports,30,price jump -9c in 2.1h,calib,not catchable: entry 10c above signal; thin: $212 depth < $500; score 30 < 40
2026-07-11T07:17:25Z,kalshi,KXDIAZOUT-MDC-26AUG01,"Miguel Díaz-Canel departure announced? — Before August 1, 2026",politics,19,price jump -6c in 2.1h,calib,too late: entry 0.93 > 0.85; thin: $67 depth < $500; score 19 < 40
2026-07-11T07:17:25Z,kalshi,KXCOINBASE-26JULVOL-280000000000,Coinbase total trading volume in Q2 — Above $280 billion,crypto,21,price jump +7c in 2.1h,calib,thin: $1 depth < $500; resolves in 139d — too slow; score 21 < 40
2026-07-11T07:17:25Z,kalshi,KXTSX-26JUL31-36000,"How high will the S&P/TSX Composite Index get in July 2026? — At least 36,000",other,30,price jump -9c in 2.1h,calib,thin: $98 depth < $500; score 30 < 40
2026-07-11T07:17:25Z,kalshi,APPLEFOLD-26DEC31,When will Apple announce foldable iPhone?,other,16,price jump -5c in 2.1h,calib,thin: $35 depth < $500; resolves in 174d — too slow; score 16 < 40
2026-07-11T07:17:25Z,kalshi,KXIBOV-26JUL31-181000,"How high will the IBOVESPA get in July 2026? — At least R$181,000",other,27,price jump -8c in 2.1h,calib,thin: $1 depth < $500; score 27 < 40
2026-07-11T07:17:25Z,kalshi,KXHOUSERACE-MD01-26-R,MD-01 House winner? — Andy Harris,politics,35,price jump +14c in 2.1h,calib,too late: entry 0.90 > 0.85; thin: $37 depth < $500; resolves in 480d — too slow; score 35 < 40
2026-07-11T07:17:25Z,kalshi,KXCOINBASE-26JULVOL-240000000000,Coinbase total trading volume in Q2 — Above $240 billion,crypto,35,price jump +20c in 2.1h,calib,thin: $2 depth < $500; resolves in 139d — too slow; score 35 < 40
2026-07-11T07:17:25Z,kalshi,KXTRUMPMENTIONB-26JUL09-ISRA,What will Trump say during his announcement? — Israel / Israeli,other,29,price jump +9c in 2.1h,calib,not catchable: entry 5c above signal; thin: $1 depth < $500; score 29 < 40
2026-07-11T07:17:25Z,kalshi,KXFIGHTMENTION-26JUL11SAIPIM-BLOO,What will the announcers say during Benoit Saint-Denis vs Paddy Pimblett Fight — Blood / Bloody / Bloodied,sports,19,price jump -6c in 2.1h,calib,thin: $2 depth < $500; score 19 < 40
2026-07-11T07:17:25Z,kalshi,KXAAAGASMAXCA-26DEC31-6.80,How high will gas prices in California get this year? — Above $6.80,other,18,price jump -5c in 2.1h,calib,not catchable: entry 4c above signal; thin: $152 depth < $500; resolves in 173d — too slow; score 18 < 40
2026-07-11T07:17:25Z,kalshi,KXWCMENTION-26JUL11NORENG-RECO,What will the announcers say during Norway vs England — Record,sports,19,price jump -6c in 2.1h,calib,thin: $5 depth < $500; score 19 < 40
2026-07-11T07:17:25Z,kalshi,KXMOPRIMARY-04D26-JHER,MO-04 Democratic nominee? — Jordan Herrera,politics,29,price jump +9c in 2.1h,calib,not catchable: entry 10c above signal; thin: $20 depth < $500; resolves in 480d — too slow; score 29 < 40
2026-07-11T07:17:25Z,kalshi,KXEARNINGSMENTIONINTC-26JUL23-MOBI,What will Intel say during their next earnings call? — Mobileye,other,35,price jump -28c in 2.1h,calib,not catchable: entry 11c above signal; thin: $31 depth < $500; resolves in 172d — too slow; score 35 < 40
2026-07-11T07:17:25Z,kalshi,KXCOINBASE-26JULVOL-220000000000,Coinbase total trading volume in Q2 — Above $220 billion,crypto,24,price jump +7c in 2.1h,calib,thin: $4 depth < $500; resolves in 139d — too slow; score 24 < 40
2026-07-11T07:17:25Z,poly,0xe93567e40b8343efe7691e0adade244943b5b293fba1d5f110b1f1ee1e34d440,Will the highest temperature in Hong Kong be 35°C on July 11?,other,27,price jump -8c in 2.1h,calib,too late: entry 0.99 > 0.85; resolves in 5h — no lag window; score 27 < 40
2026-07-11T07:17:25Z,poly,0x46495362e3ab53cf014ab6050bdb4a37d3a53971097b00721b47631900b44f90,Will the highest temperature in Seoul be 33°C or higher on July 11?,other,35,price jump -26c in 2.1h,calib,too late: entry 0.98 > 0.85; resolves in 5h — no lag window; score 35 < 40
2026-07-11T07:17:25Z,poly,0xad1ec51a6f12dc99c44f12195967a10db4b066076ddbdee296912ddf39b663c4,Will the highest temperature in Seoul be 32°C on July 11?,other,35,price jump +32c in 2.1h,calib,"too late: entry 0.99 > 0.85; thin: $327 depth < $2,000; resolves in 5h — no lag window; score 35 < 40"
2026-07-11T07:17:25Z,poly,0x163a6bd4660e841747157f9ca5ea880feaeefd1be0775345ebe706a4a7d7cf81,Will the highest temperature in Hong Kong be 34°C on July 11?,other,35,price jump +20c in 2.1h,calib,"too late: entry 0.86 > 0.85; thin: $913 depth < $2,000; resolves in 5h — no lag window; score 35 < 40"
2026-07-11T09:45:34Z,kalshi,KXTRUMPSAYCOMPANY-26AUG01-GOOG,What companies will Trump say in July? — Google / GOOG / GOOGL,other,35,price jump +25c in 2.5h,calib,not catchable: entry 4c above signal; thin: $3 depth < $500; score 35 < 40
2026-07-11T09:45:34Z,kalshi,KXLOVEISLANDUSARANK-26AUG31RTOP3-MESI,Love Island USA S8: Top 3 Couples — Melanie and Sincere,entertainment,35,price jump +11c in 2.5h,calib,thin: $15 depth < $500; score 35 < 40
2026-07-11T09:45:34Z,kalshi,KXLOVEISLANDUSARANK-26AUG31R2-KAZA,Love Island USA S8: 2nd place couple — Kayda and Zach,entertainment,16,price jump -5c in 2.5h,calib,too late: entry 0.98 > 0.85; thin: $18 depth < $500; score 16 < 40
2026-07-11T09:45:34Z,kalshi,KXLOVEISLANDUSARANK-26AUG31R3-KAZA,Love Island USA S8: 3rd place couple — Kayda and Zach,entertainment,30,price jump -10c in 2.5h,calib,too late: entry 0.87 > 0.85; not catchable: entry 6c above signal; thin: $43 depth < $500; score 30 < 40
2026-07-11T09:45:34Z,kalshi,KXLOVEISLANDUSARANK-26AUG31R3-MESI,Love Island USA S8: 3rd place couple — Melanie and Sincere,entertainment,35,price jump +15c in 2.5h,calib,thin: $1 depth < $500; score 35 < 40
2026-07-11T09:45:34Z,kalshi,KXLOVEISLANDUSARANK-26AUG31R3-ANCAR,Love Island USA S8: 3rd place couple — Aniya and Carl,entertainment,18,price jump +5c in 2.5h,calib,thin: $426 depth < $500; score 18 < 40
2026-07-11T09:45:34Z,kalshi,KXTRUMPMENTIONB-26JUL09-NUCL,What will Trump say during his announcement? — Nuclear,other,35,price jump +14c in 2.5h,calib,thin: $1 depth < $500; score 35 < 40
2026-07-11T09:45:34Z,kalshi,KXWCAWARD-26BYP-DDOUE,Best Young Player Award Winner — Desire Doue,sports,18,price jump +5c in 2.5h,calib,thin: $31 depth < $500; score 18 < 40
2026-07-11T09:45:34Z,kalshi,KXTRUMPMENTIONB-26JUL09-OIL,What will Trump say during his announcement? — Oil,other,21,price jump +7c in 2.5h,calib,not catchable: entry 4c above signal; thin: $21 depth < $500; score 21 < 40
2026-07-11T09:45:34Z,kalshi,KXTRUMPMENTIONB-26JUL09-BIDE,What will Trump say during his announcement? — Biden,other,35,price jump +15c in 2.5h,calib,thin: $24 depth < $500; score 35 < 40
2026-07-11T09:45:34Z,kalshi,KXWCMENTION-MENWORLDCUP-REDC,What will the announcers say during the FIFA World Cup Final — Red Card,sports,32,price jump +10c in 2.5h,calib,thin: $48 depth < $500; score 32 < 40
2026-07-11T09:45:34Z,kalshi,KXRAINMIAM-26JUL-3,Rain in Miami in Jul 2026? — Above 3 inches,other,18,price jump +6c in 2.5h,calib,too late: entry 0.94 > 0.85; thin: $141 depth < $500; score 18 < 40
2026-07-11T09:45:34Z,kalshi,KXPGATOP5-GESO26-TKIM,Genesis Scottish Open: Top 5 Finishers — Tom Kim,sports,22,price jump -7c in 2.5h,calib,thin: $20 depth < $500; score 22 < 40
2026-07-11T09:45:34Z,kalshi,KXTSX-26DEC31-37000,"How high will the S&P/TSX Composite Index get in 2026? — At least 37,000",other,35,price jump -11c in 2.5h,calib,not catchable: entry 8c above signal; thin: $3 depth < $500; resolves in 174d — too slow; score 35 < 40
2026-07-11T09:45:34Z,kalshi,KXFRONTIER-FRON-26SEP01,When will AI solve another Frontier Math Problem? — Before September,other,30,price jump -9c in 2.5h,calib,thin: $8 depth < $500; score 30 < 40
2026-07-11T09:45:34Z,kalshi,KXPGATOP20-GESO26-ELOP,Genesis Scottish Open: Top 20 Finishers — Eugenio Lopez-Chacarra,sports,35,price jump -11c in 2.5h,calib,too late: entry 1.00 > 0.85; not catchable: entry 10c above signal; thin: $0 depth < $500; score 35 < 40
2026-07-11T09:45:34Z,kalshi,KXEARNINGSMENTIONINTC-26JUL23-MOBI,What will Intel say during their next earnings call? — Mobileye,other,35,price jump +19c in 2.5h,calib,not catchable: entry 14c above signal; thin: $5 depth < $500; resolves in 172d — too slow; score 35 < 40
2026-07-11T09:45:34Z,kalshi,KXTRUMPMENTIONB-26JUL09-TARI,What will Trump say during his announcement? — Tariff,politics,32,price jump +10c in 2.5h,calib,not catchable: entry 4c above signal; thin: $1 depth < $500; score 32 < 40
2026-07-11T09:45:34Z,poly,0xe0e9da7c201618f2595bce5be81936927fe46c157a6e1583a87b57b622396599,Will the highest temperature in Chengdu be 31°C on July 11?,other,35,price jump +20c in 2.5h,calib,"too late: entry 0.99 > 0.85; thin: $1,307 depth < $2,000; resolves in 2h — no lag window; score 35 < 40"
2026-07-11T09:45:34Z,poly,0x0a7df5d198e78b82e203ed9218a2039e9232626ae7a0582ea73c67e4bedd05af,Will fewer than 150 ships transit the Strait of Hormuz between July 6-July 12?,other,29,price jump -9c in 2.5h,calib,score 29 < 40
2026-07-11T09:45:34Z,poly,0x8c5f2092477f070c8fa6feb11a080436a47144a49665519b787d0f2a4fb27b82,"Will ""Toy Story 5"" 4th Weekend Box Office be less than 19m?",entertainment,20,price jump +6c in 2.5h,calib,too late: entry 0.97 > 0.85; score 20 < 40
2026-07-11T12:00:39Z,kalshi,KXLOVEISLANDUSARANK-26AUG31R2-MESI,Love Island USA S8: 2nd place couple — Melanie and Sincere,entertainment,24,price jump -7c in 2.3h,calib,too late: entry 0.86 > 0.85; thin: $10 depth < $500; score 24 < 40
2026-07-11T12:00:39Z,kalshi,KXRATECUT-26DEC31,Fed rate cut before 2027?,other,35,volume spike (607x baseline),calib,thin: $1 depth < $500; resolves in 174d — too slow; score 35 < 40
2026-07-11T12:00:39Z,kalshi,KXLOVEISLANDUSARANK-26AUG31R3-MESI,Love Island USA S8: 3rd place couple — Melanie and Sincere,entertainment,35,price jump +7c in 2.3h + outsized impact (8x baseline move-per-volume),calib,thin: $1 depth < $500; score 35 < 40
2026-07-11T12:00:39Z,kalshi,KXWCROUND-26SEMI-ENG,FIFA World Cup Semifinals Qualifiers — England,sports,35,volume spike (6x baseline),calib,score 35 < 40
2026-07-11T12:00:39Z,kalshi,SENATETX-26-D,Texas Senate winner? — James Talarico,politics,35,volume spike (17x baseline),calib,resolves in 480d — too slow; score 35 < 40
2026-07-11T12:00:39Z,kalshi,KXWCMENTION-26JUL11ARGSUI-GOLD,What will the announcers say during Argentina vs Switzerland — Golden Boot,sports,35,volume spike (6x baseline),calib,too late: entry 0.96 > 0.85; thin: $226 depth < $500; score 35 < 40
2026-07-11T12:00:39Z,kalshi,SENATEMI-26-D,Michigan Senate winner? — Democratic party,politics,35,volume spike (8x baseline),calib,resolves in 480d — too slow; score 35 < 40
2026-07-11T12:00:39Z,kalshi,KXWCADS-26JUL19-ADID,Which brands will advertise during the World Soccer Cup Final — Adidas,other,35,volume spike (7x baseline),calib,too late: entry 0.92 > 0.85; thin: $12 depth < $500; resolves in 373d — too slow; score 35 < 40
2026-07-11T12:00:39Z,kalshi,KXWCMENTION-26JUL11ARGSUI-CHAM,What will the announcers say during Argentina vs Switzerland — Champion,sports,35,volume spike (42x baseline),calib,too late: entry 0.98 > 0.85; score 35 < 40
2026-07-11T12:00:39Z,kalshi,KXWCMENTION-26JUL11NORENG-PENA,What will the announcers say during Norway vs England — Penalty Kick,sports,22,price jump +7c in 2.3h,calib,thin: $1 depth < $500; score 22 < 40
2026-07-11T12:00:39Z,kalshi,KXPGATOP20-GESO26-CGOT,Genesis Scottish Open: Top 20 Finishers — Chris Gotterup,sports,35,volume spike (12x baseline),calib,thin: $16 depth < $500; score 35 < 40
2026-07-11T12:00:39Z,kalshi,KXWCMENTION-26JUL11NORENG-MARA,What will the announcers say during Norway vs England — Maradona / Pelé,sports,35,volume spike (18x baseline),calib,thin: $61 depth < $500; score 35 < 40
2026-07-11T12:00:39Z,kalshi,KXPGATOP10-GESO26-WCLA,Genesis Scottish Open: Top 10 Finishers — Wyndham Clark,sports,11,outsized impact (6x baseline move-per-volume),calib,thin: $23 depth < $500; score 11 < 40
2026-07-11T12:00:39Z,kalshi,KXSPACEXSTARSHIP-13-26JUL16,SpaceX Starship 13th launch? — Before July 17th,other,18,price jump -5c in 2.3h,calib,thin: $123 depth < $500; score 18 < 40
2026-07-11T12:00:39Z,kalshi,KXPGATOP20-GESO26-WCLA,Genesis Scottish Open: Top 20 Finishers — Wyndham Clark,sports,35,volume spike (65x baseline),calib,score 35 < 40
2026-07-11T12:00:39Z,kalshi,KXWCMENTION-26JUL11ARGSUI-QATA,What will the announcers say during Argentina vs Switzerland — Qatar,sports,10,outsized impact (5x baseline move-per-volume),calib,thin: $26 depth < $500; score 10 < 40
2026-07-11T12:00:39Z,kalshi,KXIPO-26-ANTHROPIC,Which companies will officially announce an IPO this year? — Anthropic,other,35,volume spike (30x baseline),calib,thin: $26 depth < $500; resolves in 174d — too slow; score 35 < 40
2026-07-11T12:00:39Z,kalshi,KXPGATOP10-GESO26-TKIM,Genesis Scottish Open: Top 10 Finishers — Tom Kim,sports,35,volume spike (211x baseline),calib,score 35 < 40
2026-07-11T12:00:39Z,kalshi,KXSPACEXCOUNT-26JUL-12,How many launches will SpaceX have in July? — Above 12,other,35,volume spike (19x baseline),calib,too late: entry 0.95 > 0.85; thin: $27 depth < $500; score 35 < 40
2026-07-11T12:00:39Z,kalshi,KXPGAR3LEAD-ISC26-LGLO,ISCO Championship End of Round 3 Leader — Lucas Glover,sports,35,price jump +17c in 2.3h,calib,thin: $4 depth < $500; score 35 < 40
2026-07-11T12:00:39Z,kalshi,KXCOINBASE-26JULVOL-250000000000,Coinbase total trading volume in Q2 — Above $250 billion,crypto,35,price jump -14c in 2.3h,calib,not catchable: entry 10c above signal; thin: $80 depth < $500; resolves in 139d — too slow; score 35 < 40
2026-07-11T12:00:39Z,kalshi,KXPGATOP10-GESO26-THAT,Genesis Scottish Open: Top 10 Finishers — Tyrrell Hatton,sports,22,price jump +7c in 2.3h,calib,thin: $428 depth < $500; score 22 < 40
2026-07-11T12:00:39Z,kalshi,KXPGATOP20-GESO26-TFLE,Genesis Scottish Open: Top 20 Finishers — Tommy Fleetwood,sports,24,price jump +8c in 2.3h,calib,not catchable: entry 9c above signal; thin: $1 depth < $500; score 24 < 40
2026-07-11T12:00:39Z,kalshi,KXPGATOP10-GESO26-JTHO,Genesis Scottish Open: Top 10 Finishers — Justin Thomas,sports,30,price jump +10c in 2.3h,calib,not catchable: entry 10c above signal; thin: $2 depth < $500; score 30 < 40
2026-07-11T12:00:39Z,kalshi,KXTRUMPMENTIONB-26JUL09-STOC,What will Trump say during his announcement? — Stock Market,other,35,price jump +30c in 2.3h,calib,not catchable: entry 4c above signal; thin: $10 depth < $500; score 35 < 40
2026-07-11T12:00:39Z,poly,0xeee4eed57180948422c259a91e74d8a6742c65878181ca9ca122975ed11d2b48,"Will Samuel Alito announce his retirement by July 15, 2026?",other,26,volume spike (4x baseline),calib,longshot: entry 0.02 < 0.05; resolves in 173d — too slow; score 26 < 40
2026-07-11T12:00:39Z,poly,0x1f5ed2af66a46fe492001aba482f8196112a6ce4946f5159525b30e9ccc4ac60,Exact Score: Argentina 2 - 1 Switzerland?,sports,31,"volume spike (3x baseline) + $1,000 single trade (into YES, 200x typical)",calib,resolves in 13h — no lag window; score 31 < 40
2026-07-11T12:00:39Z,poly,0x8e6729df6360f09a68a6464de5d62a022dee2ce2f98c4f6b95c93b872e2e11f4,"Will Elon Musk post 90-114 tweets from July 9 to July 11, 2026?",other,34,volume spike (6x baseline),calib,longshot: entry 0.03 < 0.05; resolves in 4h — no lag window; score 34 < 40
2026-07-11T12:00:39Z,poly,0xbbbece074c2d4010e39e39c85ed67b1131180fcea616073c893fb6beaf51d783,Will Michelle Obama win the 2028 US Presidential Election?,politics,35,volume spike (6x baseline),calib,longshot: entry 0.01 < 0.05; resolves in 849d — too slow; score 35 < 40
2026-07-11T12:00:39Z,poly,0xd92bc27584a025ecd9d7dc273fca9321a725436fa5f3be0a21cc1b94a7cd1207,Lionel Messi: 1+ goals,sports,22,volume spike (4x baseline),calib,resolves in 13h — no lag window; score 22 < 40
2026-07-11T12:00:39Z,poly,0xed5356b5d6f3b0d1095e21d586214de01b438ccb8d0ae5c59b55647d8fc95e97,Will OpenAI have the best AI model at the end of July 2026?,other,35,volume spike (7x baseline),calib,longshot: entry 0.02 < 0.05; score 35 < 40
2026-07-11T12:00:39Z,poly,0x537483918b0ad440d8d149e53482a87614057671a5aee9af09010713659f6ab2,"Will Elon Musk post 65-89 tweets from July 9 to July 11, 2026?",other,35,volume spike (6x baseline),calib,longshot: entry 0.03 < 0.05; resolves in 4h — no lag window; score 35 < 40
2026-07-11T12:00:39Z,poly,0x0f92a28537174aeda278dae3a8733bd06b7f8413c1b5a8c8d0b7fee70d2b7f9e,Erling Haaland: 3+ goals,sports,35,volume spike (17x baseline),calib,longshot: entry 0.03 < 0.05; resolves in 9h — no lag window; score 35 < 40
2026-07-11T12:00:39Z,poly,0x558d672818eb9348ca8452331957f905cc4ef9d56c66de71aebe861602d2bee9,"Will Bitcoin reach $66,000 July 6-12?",crypto,19,volume spike (3x baseline),calib,too late: entry 0.96 > 0.85; score 19 < 40
2026-07-11T12:00:39Z,poly,0x6a6f6822f49f8694e5ac8aed8d16e6317f6d94ba4cf71b528ee6684b8af7f75d,England leading at halftime?,sports,35,volume spike (7x baseline),calib,resolves in 9h — no lag window; score 35 < 40
2026-07-11T12:00:39Z,poly,0xbca0b596e44dd239eeafdda4a3621ef73d76b07d3f4752e2bf8d7229fecda288,"Will the price of Bitcoin be above $62,000 on July 12?",crypto,37,"volume spike (4x baseline) + $900 single trade (into YES, 183x typical)",calib,too late: entry 0.98 > 0.85; score 37 < 40
2026-07-11T12:00:39Z,poly,0x36db77c539bcc8c7bf0686c1b99f30c5a5eed1f53d3b3a27a071550c81f83701,Will Mark Kelly win the 2028 Democratic presidential nomination?,politics,35,volume spike (46x baseline),calib,too late: entry 0.99 > 0.85; resolves in 849d — too slow; score 35 < 40
2026-07-11T12:00:39Z,poly,0x13dae092813125bf5e892a59dac2154e0fdb6aff600a3996ed0ab3b07d68e683,"Will Bitcoin reach $77,500 in July?",crypto,35,volume spike (11x baseline),calib,too late: entry 0.98 > 0.85; score 35 < 40
2026-07-11T12:00:39Z,poly,0x7b91997c6c8ca00643ab322f63af50acf1a0e9b86be130b67e5a19005215e252,Will the Communist Party of the Russian Federation (KPRF) gain the most seats in the next Russian parliamentary election?,politics,24,volume spike (4x baseline),calib,too late: entry 0.98 > 0.85; score 24 < 40
2026-07-11T12:00:39Z,poly,0xa488ab1e9bc72914b695c398c0027bd4edc1679d6ff949c1861fa33b2c9ae4d4,Will Iran announce withdrawal from MOU negotiations by August 15?,other,35,volume spike (12x baseline),calib,score 35 < 40
2026-07-11T12:00:39Z,poly,0xc11f41372087c4d934ae7adb869ff08272b2bcb3e242d4e628330353c130e480,"Iran agrees to surrender enriched uranium stockpile by July 31, 2026?",other,39,"volume spike (4x baseline) + $1,982 single trade (against YES, 395x typical)",calib,too late: entry 0.99 > 0.85; score 39 < 40
2026-07-11T12:00:39Z,poly,0x1e5179e2ad483beb64cb089393817b4f4ba77c285a389d8ccdea4cc0b498fa33,Will a team from LCS (North America) win MSI 2026?,other,35,volume spike (11x baseline),calib,too late: entry 1.00 > 0.85; resolves in 12h — no lag window; score 35 < 40
2026-07-11T12:00:39Z,poly,0xb55b2b13aee7a480ab0695912a65cb34a5fe5e84d5da810873d9c3e1182f9fd0,Will the Iranian regime fall by September 30?,other,35,volume spike (9x baseline),calib,longshot: entry 0.04 < 0.05; score 35 < 40
2026-07-11T12:00:39Z,poly,0x6389dc74e27218b50657af632dbca4c5005d241c760bd979944bcd0d68493380,President Trump to Attend World Cup Final?,sports,35,volume spike (18x baseline),calib,too late: entry 0.94 > 0.85; score 35 < 40
2026-07-11T12:00:39Z,poly,0x6750fe34aa15e45304c8591f574ae62e792c34d78809bdcbc012e1bed5adfc0b,Will Jeonbuk Hyundai Motors FC win on 2026-07-11?,sports,35,price jump +56c in 2.3h,calib,too late: entry 0.94 > 0.85; score 35 < 40
2026-07-11T12:00:39Z,poly,0x3367d22cd2a673014f1960742afdf8601040a8ad856dc0a98bd1a44ee99504e2,Will Ron DeSantis win the 2028 US Presidential Election?,politics,33,volume spike (5x baseline),calib,too late: entry 0.99 > 0.85; resolves in 849d — too slow; score 33 < 40
2026-07-11T12:00:39Z,poly,0xc9615bb82d6535d630ff98e8094060bc767d8b9446516e98f84d2001a35e50e7,Will New People (NL) gain the most seats in the next Russian parliamentary election?,politics,35,volume spike (7x baseline),calib,score 35 < 40
2026-07-11T12:00:39Z,poly,0x8b8cffc6d3db2d507034b3926c13df121612085426e678ed1aa5c93899e87f25,Will BN win the 2026 Johor general elections?,politics,21,volume spike (3x baseline),calib,too late: entry 0.98 > 0.85; resolves in 12h — no lag window; score 21 < 40
2026-07-11T12:00:39Z,poly,0x4d5399875aeb0d0b7a84cf7249362e736ca291f1f759d2eb0d71fa997b99b1cc,Will Russia enter Shevchenko by September 30?,other,35,volume spike (11x baseline),calib,longshot: entry 0.03 < 0.05; score 35 < 40
2026-07-11T12:00:39Z,poly,0x1352df0d34b81488545f60ea310c9cdd2d86f50011555187713491422f630b77,Exact Score: Argentina 1 - 0 Switzerland?,sports,20,volume spike (3x baseline),calib,resolves in 13h — no lag window; score 20 < 40
2026-07-11T12:00:39Z,poly,0x7618e80c410d107b9929455007e4ccf649630ac6aec6a76ebcd04ae9946dd514,Will the Fed decide differently in the next three decisions (Apr–Jun–Jul)?,other,35,volume spike (65x baseline),calib,score 35 < 40
2026-07-11T12:00:39Z,poly,0xf232b565995e4b3a3e7fa6cef775eeff1cecd20ad7c013cb9fc8dadabfe279a9,Will Alexandria Ocasio-Cortez win the 2028 US Presidential Election?,politics,35,volume spike (88x baseline),calib,resolves in 849d — too slow; score 35 < 40
2026-07-11T12:00:39Z,poly,0xd2a472c051e1ab231a4feb40322ccdafccff5fe9e4a006381224e10aff0e83ce,Will Anthropic have the best AI model at the end of July 2026?,other,35,volume spike (6x baseline),calib,too late: entry 0.95 > 0.85; score 35 < 40
2026-07-11T12:00:39Z,poly,0x224488d5b8e4e454c6f7ed545bd56d3d5768b582eee6bbddf286ad5ccd8adadf,Will Norway reach the 2026 FIFA World Cup final?,sports,35,volume spike (22x baseline),calib,score 35 < 40
2026-07-11T12:00:39Z,poly,0xe747d9f9734f79e939daf9a683560e5576c2daee20c33a5588c680c6f400fbb6,Will Bilibili Gaming win MSI 2026?,other,25,volume spike (4x baseline),calib,score 25 < 40
2026-07-11T12:00:39Z,poly,0x63d8f3a34c90bd5342dda8acf62b6a898dfa52f86475efaf180b66493ef6af80,Will Jair Bolsonaro win the 2026 Brazilian presidential election?,politics,35,volume spike (13x baseline),calib,too late: entry 0.98 > 0.85; score 35 < 40
2026-07-11T12:00:39Z,poly,0x8a8e093b25d7909ae01e944e746a1dee88801224fcff001c1c890ca43e2a66e1,Will Google have the best AI model at the end of July 2026?,other,35,volume spike (22x baseline),calib,too late: entry 0.96 > 0.85; score 35 < 40
2026-07-11T12:00:39Z,poly,0x0b4cc3b739e1dfe5d73274740e7308b6fb389c5af040c3a174923d928d134bee,Will Jesus Christ return before 2027?,other,22,volume spike (4x baseline),calib,longshot: entry 0.02 < 0.05; resolves in 172d — too slow; score 22 < 40
2026-07-11T12:00:39Z,poly,0x61600d487069f99e775307a0655c1a79f26e4fc6d8d1ba66790c64d78d0beba2,Will Jon Ossoff win the 2028 US Presidential Election?,politics,35,volume spike (59x baseline),calib,resolves in 849d — too slow; score 35 < 40
2026-07-11T12:00:39Z,poly,0xfed2dd1e83691ca08b8bc08d2bed09cb19003730f2be47da6a467ee37df96fbb,Mojtaba Khamenei seen in public by December 31?,other,31,volume spike (5x baseline),calib,resolves in 172d — too slow; score 31 < 40
2026-07-11T12:00:39Z,poly,0x8c48f3acf4177b5ceb012a8a2dc7a9c219eeae4a032d6ddcbc3c2ffab907439a,Will the Liberal Democratic Party of Russia (LDPR) gain the most seats in the next Russian parliamentary election?,politics,24,volume spike (4x baseline),calib,too late: entry 0.96 > 0.85; score 24 < 40
2026-07-11T12:00:39Z,poly,0x076195e2d75814bf39078c8b343c9d7b07855a4fa427ef97add3ef9f03245ee5,"Will the price of Bitcoin be above $66,000 on July 12?",crypto,20,volume spike (3x baseline),calib,longshot: entry 0.03 < 0.05; score 20 < 40
2026-07-11T12:00:39Z,poly,0x1945a8b23e313ed7423b6b6fd556f9ab5578900376b565a61dc480a5f4f35d21,Will Hunter Biden win the 2028 Democratic presidential nomination?,politics,21,volume spike (3x baseline),calib,longshot: entry 0.01 < 0.05; resolves in 849d — too slow; score 21 < 40
2026-07-11T12:00:39Z,poly,0xdfea8851512360fb70c4b4ed29ed369b6dbcdfc58b2493b66cba65faab622129,Tyler Robinson convicted of homicide?,other,35,volume spike (7x baseline),calib,resolves in 172d — too slow; score 35 < 40
2026-07-11T12:00:39Z,poly,0x024b68f77bfc019341ee3db8f57c103334e4b9430bba4746d8c94aafd8b36fee,"Will Bitcoin dip to $45,000 by December 31, 2026?",crypto,35,volume spike (1145x baseline),calib,resolves in 174d — too slow; score 35 < 40
2026-07-11T12:00:39Z,poly,0xc65b037d40fd0d6783588e44ef94f712853e8b63186cda1f2213e529752f5cc4,"Will the next diplomatic US-Iran meeting be in Switzerland by September 30, 2026?",other,35,volume spike (11x baseline),calib,score 35 < 40
2026-07-11T12:00:39Z,poly,0x284db580039cb41dccd04d57c327752cbff3aeda1e76cd86341590675680e693,"Will Elon Musk post 300-319 tweets from July 7 to July 14, 2026?",other,18,volume spike (3x baseline),calib,longshot: entry 0.03 < 0.05; score 18 < 40
2026-07-11T12:00:39Z,poly,0xf812cd60daad3492c2bbf7a0f1e8ca5574c2d72a5602f6ed8e65547508cd86e2,Will Switzerland reach the 2026 FIFA World Cup final?,sports,25,volume spike (4x baseline),calib,too late: entry 0.93 > 0.85; score 25 < 40
2026-07-11T12:00:39Z,poly,0xdfda1ecd4af05a35dc53bb0378ab647a90b21be81e4bf2550d2cb198084bd486,Will Gwangju FC win on 2026-07-11?,sports,35,price jump -15c in 2.3h,calib,too late: entry 0.99 > 0.85; score 35 < 40
2026-07-11T12:00:39Z,poly,0xe52d08ac92ff6013a7e0fa93a53b07a44ec30bdd1a24103c1468e4e6aafb5fbc,"Will Elon Musk post 220-239 tweets from July 7 to July 14, 2026?",other,21,volume spike (4x baseline),calib,score 21 < 40
2026-07-11T12:00:39Z,poly,0x1d79c04cc30eec6dde12303ec4e34a5673adb5c670bd91e2d44e10eacfb64ba5,Norway vs. England: Will the Match Go to a Penalty Shootout?,sports,35,volume spike (8x baseline),calib,too late: entry 0.86 > 0.85; resolves in 9h — no lag window; score 35 < 40
2026-07-11T12:00:39Z,poly,0xbb4d51e6364066d92eb6f9b8413dd7193de70966736044463b205834805a1f3b,Will the Iranian regime fall before 2027?,other,35,volume spike (32x baseline),calib,resolves in 172d — too slow; score 35 < 40
2026-07-11T12:00:39Z,poly,0x7e97be9753dafd03193e2087b4285405780e0e6c337c0cb9e023fa16468b434b,Will Bucheon FC 1995 win on 2026-07-11?,sports,35,price jump -13c in 2.3h,calib,too late: entry 0.91 > 0.85; score 35 < 40
2026-07-11T12:00:39Z,poly,0xccf3bbf592a14e9f552972e8e91f287165db152a03b898f14f27bf016f48a66b,Jude Bellingham: 1+ goals,sports,23,volume spike (4x baseline),calib,resolves in 9h — no lag window; score 23 < 40
2026-07-11T12:00:39Z,poly,0x752fa61c93f16c4b15e85b0bd438d9c684176b0ea7b319a84c8aca34616e8a8c,"Will Bitcoin dip to $55,000 by December 31, 2026?",crypto,35,volume spike (173x baseline),calib,resolves in 174d — too slow; score 35 < 40
2026-07-11T12:00:39Z,poly,0x42742fa156da771a75cf8c7713ba0cfa4b2610112bae81a0ea8772fdeb50510b,"Will the next diplomatic US-Iran meeting be in Oman by September 30, 2026?",other,35,volume spike (9x baseline),calib,too late: entry 0.89 > 0.85; score 35 < 40
2026-07-11T12:00:39Z,poly,0xbe9d61d80c767264a0adc8a16453fbcaf0413e673e665cc7c14701691143fac0,"Will Ukraine recapture Crimean territory by December 31, 2026?",other,35,volume spike (34x baseline),calib,resolves in 172d — too slow; score 35 < 40
2026-07-11T12:00:39Z,poly,0xc8b50a5b0d1e64ff941a92673f13ef701f556ef5d35be97df1d41f9ddc5b31dc,"Will Elon Musk post 320-339 tweets from July 10 to July 17, 2026?",other,34,volume spike (6x baseline),calib,longshot: entry 0.03 < 0.05; score 34 < 40
2026-07-11T12:00:39Z,poly,0x84c625fdccf5c5246a15e476361e4563033906ee225800e1136c0d737596a72f,"Russia x Ukraine ceasefire by December 31, 2026?",politics,35,volume spike (23x baseline),calib,resolves in 172d — too slow; score 35 < 40
2026-07-11T12:00:39Z,poly,0x20208113a0bee764f7444ec2b8a90c1fd84bf2b7d0fb4d808c47da52b1521486,World Cup: Goalkeeper to Score?,sports,35,volume spike (18x baseline),calib,longshot: entry 0.02 < 0.05; score 35 < 40
2026-07-11T12:00:39Z,poly,0x9eb7ac1524fdacb46ceb8758454f0004c7b117eae76e6295852643644bb862c1,Will James Talarico win the 2028 US Presidential Election?,politics,32,volume spike (5x baseline),calib,longshot: entry 0.01 < 0.05; resolves in 849d — too slow; score 32 < 40
2026-07-11T12:00:39Z,poly,0x4dc5c13eb9646b10da7d5f079f77ef2480ec5466861ce1cfbc910fabed3d7d0d,Kash Patel out by December 31?,other,35,volume spike (7x baseline),calib,resolves in 172d — too slow; score 35 < 40
2026-07-11T12:00:39Z,poly,0x147d3f41bcf51e1c94bf7f67d167f35fcdd36d93fbe7bcdddd64be7285b84dba,Harry Kane: 2+ goals,sports,35,volume spike (8x baseline),calib,resolves in 9h — no lag window; score 35 < 40
2026-07-11T12:00:39Z,poly,0x0b0239149756e9cd15dbe0f9fbe295160075f26cd46ba3f537d932a3cc90ddae,Will the highest temperature in London be 27°C on July 11?,other,17,price jump +5c in 2.3h,calib,"thin: $568 depth < $2,000; score 17 < 40"
2026-07-11T12:00:39Z,poly,0xb106465c8e6efa5c0a53fc58d08a1eea635fe74e40e3c9dbc260d42a4ecce740,"Will Elon Musk post 300-319 tweets from July 10 to July 17, 2026?",other,20,volume spike (3x baseline),calib,longshot: entry 0.04 < 0.05; score 20 < 40
2026-07-11T12:00:39Z,poly,0xbca3d70ec52a5a441ccc365a3b1b48b9cd0f08dfff4bc5871e2cd92d0d92caa1,Will Ronaldo Caiado win the 2026 Brazilian presidential election?,politics,35,volume spike (13x baseline),calib,longshot: entry 0.02 < 0.05; score 35 < 40
2026-07-11T12:00:39Z,poly,0x775f42b26ed999f5043f89932f06e01226651601c69368930bf5cf31359e6952,Will Max Holloway win by KO or TKO?,sports,21,volume spike (4x baseline),calib,resolves in 16h — no lag window; score 21 < 40
2026-07-11T12:00:39Z,poly,0x0a7df5d198e78b82e203ed9218a2039e9232626ae7a0582ea73c67e4bedd05af,Will fewer than 150 ships transit the Strait of Hormuz between July 6-July 12?,other,17,price jump +5c in 2.3h,calib,not catchable: entry 4c above signal; score 17 < 40
2026-07-11T12:00:39Z,poly,0xe9dbac59e5b84810c3117a114648ac20114eef2f59fac59033d61e42a6dbbce2,Lionel Messi: 1+ assists,sports,35,volume spike (9x baseline),calib,resolves in 13h — no lag window; score 35 < 40
2026-07-11T12:00:39Z,poly,0x45514e0fcd922a740e67ab064a9042d3e964006712f9540947808ae82067ed23,Extended FDV above $150M one day after launch?,other,35,volume spike (230x baseline),calib,resolves in 174d — too slow; score 35 < 40
2026-07-11T12:00:39Z,poly,0x30cfb887558b20373a984da60c372fe5a90c0296aa6d8bb413a8aa7543846da2,Will Bernie Sanders win the 2028 Democratic presidential nomination?,politics,57,"volume spike (39x baseline) + $700 single trade (against YES, 46x typical) + repeat actor (3 flags)",calib,duplicate leg of alerted event: Will Kim Kardashian win the 2028 Democratic presid
2026-07-11T12:00:39Z,kalshi,KXPGATOP20-GESO26-THAT,Genesis Scottish Open: Top 20 Finishers — Tyrrell Hatton,sports,49,price jump +10c in 2.3h + outsized impact (39x baseline move-per-volume),calib,duplicate leg of alerted event: Genesis Scottish Open: Top 20 Finishers — Justin T
2026-07-11T12:00:39Z,poly,0x3f656230866732b8d6f7ecb64313786ae988a21c416960bfceac00f693637f9f,Erling Haaland: 1+ goals,sports,47,"volume spike (14x baseline) + $736 single trade (into YES, 79x typical)",calib,duplicate leg of alerted event: Erling Haaland: 2+ goals
2026-07-11T12:00:39Z,poly,0xab686ea7ac743072c76206bf605e32076b413fb13dee9962209641601e580588,Exact Score: Argentina 3 - 1 Switzerland?,sports,47,"volume spike (3x baseline) + $1,500 single trade (into YES, 315x typical) + fresh wallet (<3d old) loading up",calib,duplicate leg of alerted event: Exact Score: Argentina 3 - 0 Switzerland?
2026-07-11T12:00:39Z,poly,0x05ec6874762eab8b8fb5456bbc784b8e93ace110970b299ab520bdf9fd1d5c0e,Exact Score: Argentina 3 - 2 Switzerland?,sports,45,"volume spike (4x baseline) + $4,024 single trade (against YES, 1066x typical)",calib,duplicate leg of alerted event: Exact Score: Argentina 3 - 0 Switzerland?
2026-07-11T12:00:39Z,poly,0xee73598fe623e4ef90bcbad595ac90c365854cb8ea234a8b8d6f4fed74bfb660,Exact Score: Argentina 2 - 2 Switzerland?,sports,44,"volume spike (3x baseline) + $2,711 single trade (against YES, 403x typical) + repeat actor (2 flags)",calib,duplicate leg of alerted event: Exact Score: Argentina 3 - 0 Switzerland?
2026-07-11T12:00:39Z,poly,0x0f8ef3cc906ba7ba94a44724738df44bdd5f73e59e40c9c8b4ff8569e349643c,Will Kim Kardashian win the 2028 Democratic presidential nomination?,entertainment,66,"volume spike (114x baseline) + $1,200 single trade (against YES, 80x typical) + repeat actor (2 flags) + out of character (15686x this wallet's typical size)",calib,monitor cap for this run
2026-07-11T12:00:39Z,poly,0xd595eb9b81885ff018738300c79047e3ec89e87294424f57a29a7fa9162bf116,Will Trump acquire Greenland before 2027?,other,65,"volume spike (77x baseline) + $20,000 single trade (against YES, 4016x typical)",calib,monitor cap for this run
2026-07-11T12:00:39Z,poly,0xa37edbac74383987e7b3c4e25360c223207b5f8ffdaaddea7e6e62ab2aa0d56a,Will Iran announce withdrawal from MOU negotiations by July 17?,other,65,"volume spike (120x baseline) + $20,763 single trade (against YES, 2657x typical)",calib,monitor cap for this run
2026-07-11T12:00:39Z,poly,0xea375977ee539b47800bae67a8c72a9bdb1fc944038173a97f42220c15a85645,Will the highest temperature in Los Angeles be between 74-75°F on July 11?,other,59,volume spike (4x baseline) + price jump +10c in 2.3h,calib,monitor cap for this run
2026-07-11T12:00:39Z,poly,0x7f695758278e6d4d9e63df862afa88d664d3402a3d26e4d32ae05121cdbddba6,Will Kim Kardashian win the 2028 US Presidential Election?,entertainment,58,"volume spike (215x baseline) + $2,077 single trade (against YES, 174x typical) + out of character (27151x this wallet's typical size)",calib,monitor cap for this run
2026-07-11T12:00:39Z,poly,0x2cf05a77df6221b25cec9f4e4abbe550e868d232103399d9587c1bf19770fbfe,Exact Score: Argentina 3 - 0 Switzerland?,sports,58,"volume spike (9x baseline) + $1,000 single trade (into YES, 105x typical) + repeat actor (2 flags)",calib,monitor cap for this run
2026-07-11T12:00:39Z,kalshi,KXPGATOP20-GESO26-JTHO,Genesis Scottish Open: Top 20 Finishers — Justin Thomas,sports,50,price jump +13c in 2.3h + outsized impact (56x baseline move-per-volume),calib,monitor cap for this run
2026-07-11T12:00:39Z,poly,0x7c11c14664000e9a338d1b2a112d9aba06bc37c900daf52b0df4372ab32367de,"Will Bitcoin reach $80,000 in July?",crypto,50,"volume spike (285x baseline) + $2,000 single trade (against YES, 100x typical)",calib,monitor cap for this run
2026-07-11T12:00:39Z,poly,0x14272984bc3c6a49e9c6141e93b2b6534573765ec89c438986f26151ccfa3d3c,Will Pohang Steelers FC win on 2026-07-11?,sports,50,"price jump +38c in 2.3h + $2,000 single trade (into YES, 154x typical)",calib,monitor cap for this run
2026-07-11T12:00:39Z,kalshi,KXLOVEISLANDUSARANK-26AUG31R2-TRBR,Love Island USA S8: 2nd place couple — Trinity and Bryce,entertainment,49,price jump +10c in 2.3h + outsized impact (37x baseline move-per-volume),calib,monitor cap for this run
2026-07-11T12:00:39Z,poly,0x636aaf7225ed216be97a82324f61db41b4b4974ef78e6039ea4f40ac39a4e79c,Erling Haaland: 2+ goals,sports,49,"volume spike (7x baseline) + $1,400 single trade (into YES, 280x typical)",calib,monitor cap for this run
2026-07-11T12:00:39Z,poly,0x0df800308c8ee9e5262b983a7a40746da434e6fa9fbdda5365807bfdf9e114d7,"Will Elon Musk post 160-179 tweets from July 7 to July 14, 2026?",other,48,"volume spike (6x baseline) + $1,001 single trade (against YES, 1001x typical)",calib,monitor cap for this run
2026-07-11T12:00:39Z,kalshi,KXLOVEISLANDUSARANK-26AUG31RTOP3-KAZA,Love Island USA S8: Top 3 Couples — Kayda and Zach,entertainment,47,price jump -10c in 2.3h + outsized impact (8x baseline move-per-volume),calib,monitor cap for this run
2026-07-11T12:00:39Z,poly,0xcc59c2569d30b4b86993f3ff17bb900fffc56e7d98f1a5b02793fc9c133db99a,Extended FDV above $300M one day after launch?,other,76,"volume spike (2215x baseline) + price jump -7c in 2.3h + $3,945 single trade (against YES, 275x typical)",calib,MONITOR alert sent; gated: resolves in 174d — too slow
2026-07-11T12:00:39Z,poly,0xdbbbbd6ea71cad296d859aa629497400402ab253a51350bddd5d761dbbad1460,Will Norway vs. England end in a draw?,sports,73,"volume spike (11x baseline) + $77,250 single trade (into YES, 9778x typical) + out of character (3524x this wallet's typical size)",calib,MONITOR alert sent; gated: resolves in 9h — no lag window
2026-07-11T12:00:39Z,poly,0x95a7c8f39ccda84bf59b54c474f2a006cbc4167737630365f416670466b37ab9,Will Nigel Farage win the Clacton by-election?,politics,67,"volume spike (14x baseline) + $6,460 single trade (against YES, 778x typical) + out of character (64x this wallet's typical size)",calib,MONITOR alert sent; gated: resolves in 354d — too slow
2026-07-11T14:24:49Z,kalshi,KXNEXTTEAMNBA-26LJAM-CLE,LeBron James' Next Team — Cleveland,sports,21,price jump +6c in 2.4h,calib,resolves in 104d — too slow; score 21 < 40
2026-07-11T14:24:49Z,kalshi,KXPRESNOMD-28-BS,2028 Democratic presidential nominee — Bernie Sanders,politics,35,volume spike (15282x baseline),calib,too late: entry 1.00 > 0.85; resolves in 850d — too slow; score 35 < 40
2026-07-11T14:24:49Z,kalshi,KXPRESNOMD-28-KH,2028 Democratic presidential nominee — Kamala Harris,politics,35,volume spike (209x baseline),calib,thin: $4 depth < $500; resolves in 850d — too slow; score 35 < 40
2026-07-11T14:24:49Z,kalshi,KXPGAR3LEAD-GESO26-TKIM,Genesis Scottish Open End of Round 3 Leader — Tom Kim,sports,35,volume spike (11x baseline),calib,score 35 < 40
2026-07-11T14:24:49Z,kalshi,KXUSAIRANAGREEMENT-27-26SEP,US-Iran nuclear deal? — Before September,politics,35,volume spike (511x baseline),calib,score 35 < 40
2026-07-11T14:24:49Z,kalshi,KXLOVEISLANDUSARANK-26AUG31R2-ANCAR,Love Island USA S8: 2nd place couple — Aniya and Carl,entertainment,35,price jump +14c in 2.4h,calib,thin: $12 depth < $500; score 35 < 40
2026-07-11T14:24:49Z,kalshi,KXPGAR3LEAD-GESO26-CGOT,Genesis Scottish Open End of Round 3 Leader — Chris Gotterup,sports,35,volume spike (18x baseline),calib,score 35 < 40
2026-07-11T14:24:49Z,kalshi,KXMLB-26-LAD,Pro Baseball Champion — Los Angeles D,sports,24,volume spike (4x baseline),calib,thin: $287 depth < $500; resolves in 843d — too slow; score 24 < 40
2026-07-11T14:24:49Z,kalshi,KXSENATEMID-26-AELS,Michigan Democratic Senate nominee? — Abdul El-Sayed,politics,18,volume spike (3x baseline),calib,resolves in 115d — too slow; score 18 < 40
2026-07-11T14:24:49Z,kalshi,KXLOVEISLANDUSARANK-26AUG31R3-MESI,Love Island USA S8: 3rd place couple — Melanie and Sincere,entertainment,21,price jump +7c in 2.4h,calib,thin: $4 depth < $500; score 21 < 40
2026-07-11T14:24:49Z,kalshi,KXWCROUND-26SEMI-ENG,FIFA World Cup Semifinals Qualifiers — England,sports,23,volume spike (4x baseline),calib,score 23 < 40
2026-07-11T14:24:49Z,kalshi,KXWCMENTION-26JUL11NORENG-WHATS,What will the announcers say during Norway vs England — What a Strike / What a Finish,sports,35,volume spike (8x baseline),calib,thin: $52 depth < $500; score 35 < 40
2026-07-11T14:24:49Z,kalshi,KXSB-27-LAR,2027 Pro Football Champion — Los Angeles R,sports,18,volume spike (3x baseline),calib,resolves in 948d — too slow; score 18 < 40
2026-07-11T14:24:49Z,kalshi,KXLOVEISLANDUSARANK-26AUG31RTOP3-ANCAR,Love Island USA S8: Top 3 Couples — Aniya and Carl,entertainment,19,price jump +6c in 2.4h,calib,too late: entry 0.98 > 0.85; thin: $61 depth < $500; score 19 < 40
2026-07-11T14:24:49Z,kalshi,SENATEME-26-R,Maine Senate winner? (Party) — Republican party,politics,35,volume spike (55x baseline),calib,resolves in 480d — too slow; score 35 < 40
2026-07-11T14:24:49Z,kalshi,KXPGATOP20-GESO26-JLUI,Genesis Scottish Open: Top 20 Finishers — Joost Luiten,sports,19,price jump -6c in 2.4h,calib,thin: $165 depth < $500; score 19 < 40
2026-07-11T14:24:49Z,kalshi,KXLCPIMAXYOY-27-P4.5,How high will inflation get this year? — At least 4.5%,other,35,volume spike (640x baseline),calib,thin: $16 depth < $500; resolves in 218d — too slow; score 35 < 40
2026-07-11T14:24:49Z,kalshi,KXPGATOP10-GESO26-RMCI,Genesis Scottish Open: Top 10 Finishers — Rory McIlroy,sports,35,volume spike (14x baseline),calib,thin: $36 depth < $500; score 35 < 40
2026-07-11T14:24:49Z,kalshi,KXPGATOP5-GESO26-TKIM,Genesis Scottish Open: Top 5 Finishers — Tom Kim,sports,35,volume spike (19x baseline),calib,thin: $100 depth < $500; score 35 < 40
2026-07-11T14:24:49Z,kalshi,KXLIUSAWINNERS-26-TRI,Love Island USA S8: Winners — Trinity,entertainment,20,volume spike (3x baseline),calib,too late: entry 0.90 > 0.85; thin: $49 depth < $500; score 20 < 40
2026-07-11T14:24:49Z,kalshi,KXCOINBASE-26JULVOL-180000000000,Coinbase total trading volume in Q2 — Above $180 billion,crypto,35,price jump -13c in 2.4h,calib,thin: $3 depth < $500; resolves in 139d — too slow; score 35 < 40
2026-07-11T14:24:49Z,kalshi,KXCOINBASE-26JULVOL-190000000000,Coinbase total trading volume in Q2 — Above $190 billion,crypto,19,price jump -6c in 2.4h,calib,thin: $4 depth < $500; resolves in 139d — too slow; score 19 < 40
2026-07-11T14:24:49Z,kalshi,KXPGATOP20-GESO26-CGOT,Genesis Scottish Open: Top 20 Finishers — Chris Gotterup,sports,34,volume spike (6x baseline),calib,not catchable: entry 4c above signal; thin: $64 depth < $500; score 34 < 40
2026-07-11T14:24:49Z,kalshi,KXWCMENTION-MENWORLDCUP-TRUM,What will the announcers say during the FIFA World Cup Final — Trump,sports,30,volume spike (5x baseline),calib,thin: $127 depth < $500; score 30 < 40
2026-07-11T14:24:49Z,kalshi,KXWORLDNEWSMENTION-26JUL10-CEAS,What will David Muir say during ABC World News Tonight? — Ceasefire,politics,35,price jump +16c in 2.4h,calib,not catchable: entry 8c above signal; thin: $2 depth < $500; score 35 < 40
2026-07-11T14:24:49Z,kalshi,SENATETX-26-R,Texas Senate winner? — Ken Paxton,politics,29,volume spike (5x baseline),calib,resolves in 480d — too slow; score 29 < 40
2026-07-11T14:24:49Z,kalshi,KXCOINBASE-26JULVOL-200000000000,Coinbase total trading volume in Q2 — Above $200 billion,crypto,35,price jump -21c in 2.4h,calib,not catchable: entry 4c above signal; thin: $13 depth < $500; resolves in 139d — too slow; score 35 < 40
2026-07-11T14:24:49Z,kalshi,KXLIUSAWINNERS-26-BRY,Love Island USA S8: Winners — Bryce,entertainment,21,volume spike (3x baseline),calib,too late: entry 0.91 > 0.85; thin: $14 depth < $500; score 21 < 40
2026-07-11T14:24:49Z,kalshi,KXPGATOP20-GESO26-PREE,Genesis Scottish Open: Top 20 Finishers — Patrick Reed,sports,27,volume spike (5x baseline),calib,thin: $90 depth < $500; score 27 < 40
2026-07-11T14:24:49Z,kalshi,KXWORLDNEWSMENTION-26JUL10-WORL,What will David Muir say during ABC World News Tonight? — World Cup,sports,19,price jump +6c in 2.4h,calib,thin: $12 depth < $500; score 19 < 40
2026-07-11T14:24:49Z,kalshi,KXPGAR3LEAD-ISC26-LGLO,ISCO Championship End of Round 3 Leader — Lucas Glover,sports,22,price jump +7c in 2.4h,calib,not catchable: entry 4c above signal; thin: $11 depth < $500; score 22 < 40
2026-07-11T14:24:49Z,kalshi,KXTRUMPPARDON-27JAN01-CJAV,Who will Trump pardon in 2026? — Charlie Javice,politics,22,price jump -7c in 2.4h,calib,too late: entry 0.92 > 0.85; thin: $460 depth < $500; resolves in 174d — too slow; score 22 < 40
2026-07-11T14:24:49Z,kalshi,KXTRUMPMENTIONB-26JUL09-COMM,What will Trump say during his announcement? — Communist / Communism,other,26,price jump +8c in 2.4h,calib,not catchable: entry 8c above signal; thin: $14 depth < $500; score 26 < 40
2026-07-11T14:24:49Z,kalshi,KXSPACEXSTARSHIP-13-26JUL16,SpaceX Starship 13th launch? — Before July 17th,other,21,price jump -6c in 2.4h,calib,thin: $116 depth < $500; score 21 < 40
2026-07-11T14:24:49Z,kalshi,KXCOINBASE-26JULVOL-230000000000,Coinbase total trading volume in Q2 — Above $230 billion,crypto,35,price jump -37c in 2.4h,calib,too late: entry 0.91 > 0.85; thin: $0 depth < $500; resolves in 139d — too slow; score 35 < 40
2026-07-11T14:24:49Z,kalshi,KXWCMENTION-26JUL11NORENG-CHAM,What will the announcers say during Norway vs England — Champion,sports,19,volume spike (3x baseline),calib,thin: $18 depth < $500; score 19 < 40
2026-07-11T14:24:49Z,kalshi,KXWORLDNEWSMENTION-26JUL10-GRAH,What will David Muir say during ABC World News Tonight? — Graham / Platner,other,35,price jump +32c in 2.4h,calib,not catchable: entry 5c above signal; thin: $16 depth < $500; score 35 < 40
2026-07-11T14:24:49Z,kalshi,KXCOINBASE-26JULVOL-210000000000,Coinbase total trading volume in Q2 — Above $210 billion,crypto,35,price jump -29c in 2.4h,calib,thin: $9 depth < $500; resolves in 139d — too slow; score 35 < 40
2026-07-11T14:24:49Z,kalshi,KXWCMENTION-26JUL11ARGSUI-CAPT,What will the announcers say during Argentina vs Switzerland — Captain,sports,35,volume spike (6x baseline),calib,thin: $40 depth < $500; score 35 < 40
2026-07-11T14:24:49Z,kalshi,KXSPACEXCOUNT-26JUL-12,How many launches will SpaceX have in July? — Above 12,other,35,volume spike (12x baseline),calib,thin: $82 depth < $500; score 35 < 40
2026-07-11T14:24:49Z,kalshi,KXWCADS-26JUL19-HOME,Which brands will advertise during the World Soccer Cup Final — Home Depot,other,18,price jump -5c in 2.4h,calib,thin: $8 depth < $500; resolves in 373d — too slow; score 18 < 40
2026-07-11T14:24:49Z,kalshi,KXTRUMPMENTIONB-26JUL09-HORM,What will Trump say during his announcement? — Hormuz,other,22,price jump -7c in 2.4h,calib,not catchable: entry 11c above signal; thin: $8 depth < $500; score 22 < 40
2026-07-11T14:24:49Z,kalshi,KXHOUSERACE-MD01-26-R,MD-01 House winner? — Andy Harris,politics,35,volume spike (8x baseline),calib,too late: entry 0.91 > 0.85; thin: $227 depth < $500; resolves in 480d — too slow; score 35 < 40
2026-07-11T14:24:49Z,kalshi,KXCOINBASE-26JULVOL-280000000000,Coinbase total trading volume in Q2 — Above $280 billion,crypto,35,price jump -12c in 2.4h,calib,too late: entry 0.97 > 0.85; thin: $127 depth < $500; resolves in 139d — too slow; score 35 < 40
2026-07-11T14:24:49Z,kalshi,KXPGATOP20-GESO26-TFLE,Genesis Scottish Open: Top 20 Finishers — Tommy Fleetwood,sports,34,price jump -11c in 2.4h,calib,not catchable: entry 6c above signal; thin: $1 depth < $500; score 34 < 40
2026-07-11T14:24:49Z,kalshi,KXCOINBASE-26JULVOL-250000000000,Coinbase total trading volume in Q2 — Above $250 billion,crypto,35,price jump -26c in 2.4h,calib,too late: entry 0.93 > 0.85; thin: $2 depth < $500; resolves in 139d — too slow; score 35 < 40
2026-07-11T14:24:49Z,kalshi,KXPGATOP10-GESO26-THAT,Genesis Scottish Open: Top 10 Finishers — Tyrrell Hatton,sports,21,price jump -6c in 2.4h,calib,not catchable: entry 7c above signal; thin: $188 depth < $500; score 21 < 40
2026-07-11T14:24:49Z,kalshi,KXPERFORMROLEJEANGREY-SAD,Marvel: Sadie Sink cast as next Jean Grey?,entertainment,35,volume spike (95x baseline),calib,thin: $6 depth < $500; resolves in 539d — too slow; score 35 < 40
2026-07-11T14:24:49Z,kalshi,KXCOINBASE-26JULVOL-240000000000,Coinbase total trading volume in Q2 — Above $240 billion,crypto,35,price jump -22c in 2.4h,calib,too late: entry 0.89 > 0.85; not catchable: entry 9c above signal; thin: $7 depth < $500; resolves in 139d — too slow; score 35 < 40
2026-07-11T14:24:49Z,kalshi,KXPGATOP20-GESO26-JTHO,Genesis Scottish Open: Top 20 Finishers — Justin Thomas,sports,35,price jump -12c in 2.4h,calib,thin: $478 depth < $500; score 35 < 40
2026-07-11T14:24:49Z,kalshi,KXTRUMPMENTIONB-26JUL09-VENE,What will Trump say during his announcement? — Venezuela,other,29,price jump -9c in 2.4h,calib,too late: entry 0.86 > 0.85; not catchable: entry 8c above signal; thin: $1 depth < $500; score 29 < 40
2026-07-11T14:24:49Z,kalshi,KXPGATOP5-GESO26-TFLE,Genesis Scottish Open: Top 5 Finishers — Tommy Fleetwood,sports,35,price jump -12c in 2.4h,calib,too late: entry 0.97 > 0.85; thin: $199 depth < $500; score 35 < 40
2026-07-11T14:24:49Z,kalshi,KXTSX-26DEC31-37000,"How high will the S&P/TSX Composite Index get in 2026? — At least 37,000",other,35,price jump -17c in 2.4h,calib,thin: $5 depth < $500; resolves in 174d — too slow; score 35 < 40
2026-07-11T14:24:49Z,kalshi,KXRT-ODY-85,The Odyssey: Rotten Tomatoes score — Above 85,entertainment,35,volume spike (39x baseline),calib,too late: entry 0.86 > 0.85; thin: $15 depth < $500; score 35 < 40
2026-07-11T14:24:49Z,kalshi,KXPGATOP10-GESO26-MFIT,Genesis Scottish Open: Top 10 Finishers — Matt Fitzpatrick,sports,35,price jump -11c in 2.4h,calib,not catchable: entry 10c above signal; thin: $1 depth < $500; score 35 < 40
2026-07-11T14:24:49Z,kalshi,KXCOINBASE-26JULVOL-260000000000,Coinbase total trading volume in Q2 — Above $260 billion,crypto,26,price jump -8c in 2.4h,calib,too late: entry 0.93 > 0.85; thin: $6 depth < $500; resolves in 139d — too slow; score 26 < 40
2026-07-11T14:24:49Z,kalshi,KXPGATOP10-GESO26-PREE,Genesis Scottish Open: Top 10 Finishers — Patrick Reed,sports,34,price jump -10c in 2.4h,calib,too late: entry 1.00 > 0.85; not catchable: entry 11c above signal; thin: $0 depth < $500; score 34 < 40
2026-07-11T14:24:49Z,kalshi,KXCOINBASE-26JULVOL-270000000000,Coinbase total trading volume in Q2 — Above $270 billion,crypto,30,price jump -10c in 2.4h,calib,too late: entry 0.95 > 0.85; thin: $6 depth < $500; resolves in 139d — too slow; score 30 < 40
2026-07-11T14:24:49Z,kalshi,KXTRUMPMENTIONB-26JUL09-ISRA,What will Trump say during his announcement? — Israel / Israeli,other,32,price jump +10c in 2.4h,calib,thin: $5 depth < $500; score 32 < 40
2026-07-11T14:24:49Z,kalshi,KXTOPMODEL-26JUL31-CLAUT,Top AI model in July? — claude-opus-4-6-thinking,other,35,volume spike (246x baseline),calib,not catchable: entry 4c above signal; thin: $8 depth < $500; score 35 < 40
2026-07-11T14:24:49Z,kalshi,KXPGATOP20-GESO26-CDAV,Genesis Scottish Open: Top 20 Finishers — Cameron Davis,sports,19,price jump -6c in 2.4h,calib,too late: entry 0.98 > 0.85; not catchable: entry 6c above signal; thin: $216 depth < $500; score 19 < 40
2026-07-11T14:24:49Z,kalshi,KXTRUMPMENTIONB-26JUL09-BARA,What will Trump say during his announcement? — Barack Hussein Obama,other,22,price jump -7c in 2.4h,calib,not catchable: entry 7c above signal; thin: $13 depth < $500; score 22 < 40
2026-07-11T14:24:49Z,kalshi,KXRT-ODY-80,The Odyssey: Rotten Tomatoes score — Above 80,entertainment,35,volume spike (104x baseline),calib,too late: entry 0.93 > 0.85; thin: $428 depth < $500; score 35 < 40
2026-07-11T14:24:49Z,kalshi,KXFIRSTHURRICANE-26DEC01EPAC-ELI,What will be the name of the first hurricane in the Eastern Pacific this year? — Elida,other,16,price jump +5c in 2.4h,calib,thin: $1 depth < $500; resolves in 143d — too slow; score 16 < 40
2026-07-11T14:24:49Z,kalshi,KXHOOD-26JULFUNDED-P28000000.0,Robinhood funded customers in Q2 — Above 28 million,other,35,volume spike (862x baseline),calib,thin: $430 depth < $500; score 35 < 40
2026-07-11T14:24:49Z,kalshi,KXCOINBASE-26JULVOL-220000000000,Coinbase total trading volume in Q2 — Above $220 billion,crypto,35,price jump -36c in 2.4h,calib,too late: entry 0.90 > 0.85; thin: $100 depth < $500; resolves in 139d — too slow; score 35 < 40
2026-07-11T14:24:49Z,kalshi,KXCYCLINGSTAGE-26TDFRSTAGE8-TMER,Tour de France: Stage 8 Winner — Tim Merlier,sports,16,price jump +5c in 2.4h,calib,not catchable: entry 18c above signal; thin: $4 depth < $500; score 16 < 40
2026-07-11T14:24:49Z,kalshi,KXPGATOP10-GESO26-JTHO,Genesis Scottish Open: Top 10 Finishers — Justin Thomas,sports,35,price jump -13c in 2.4h,calib,too late: entry 0.86 > 0.85; not catchable: entry 4c above signal; thin: $181 depth < $500; score 35 < 40
2026-07-11T14:24:49Z,kalshi,KXMRBEASTMENTION-26JUL11-CHAN,What will MrBeast say during his next YouTube video? — Chandler,other,35,price jump -15c in 2.4h,calib,not catchable: entry 5c above signal; thin: $5 depth < $500; score 35 < 40
2026-07-11T14:24:49Z,poly,0x0c4cd2055d6ea89354ffddc55d6dbcef9355748112ea952fc925f3db6a5c457f,Will Argentina win the 2026 FIFA World Cup?,sports,34,"volume spike (3x baseline) + $864 single trade (against YES, 97x typical)",calib,score 34 < 40
2026-07-11T14:24:49Z,poly,0xa4402219045f0fe392ea08a92d6f50b89419976d484aba5592d19bb65ea7b5c6,Will LeBron James play for the Cleveland Cavaliers in 2026-27?,sports,17,price jump +5c in 2.4h,calib,resolves in 112d — too slow; score 17 < 40
2026-07-11T14:24:49Z,poly,0x2c03c41e5032364cb7166e842bdd22913f28aa2c837d8432704aa89c338875c8,Will Pete Buttigieg win the 2028 US Presidential Election?,politics,35,volume spike (7x baseline),calib,longshot: entry 0.03 < 0.05; resolves in 849d — too slow; score 35 < 40
2026-07-11T14:24:49Z,poly,0x136f4e242faeb42f66fa6baf4c192fbfa0b5788ed47a2bf1a3d3a2051b87715a,Will the US announce a blockade on Iran by July 31?,other,30,volume spike (5x baseline),calib,score 30 < 40
2026-07-11T14:24:49Z,poly,0x60c2c085ee8c16bc8f2419739a94971d4c9d00f637ead10fc0f540afa1be64e8,Strait of Hormuz traffic returns to normal by August 31?,other,65,"volume spike (5x baseline) + $1,300 single trade (into YES, 167x typical) + repeat actor — same wallet flipped sides + out of character (300x this wallet's typical size)",calib,already holding (open ledger row)
2026-07-11T14:24:49Z,poly,0x5f1b1caf70eb994bfff2986727a05a3ac9f7ec8b0da4017f7732596d023e5a07,Will Kristi Noem win the 2028 Republican presidential nomination?,politics,35,volume spike (255x baseline),calib,longshot: entry 0.01 < 0.05; resolves in 849d — too slow; score 35 < 40
2026-07-11T14:24:49Z,poly,0xb838caec0354e09985f2c228c54ba190cb284f390beda5ffd58d163ba00648ec,"US x Iran diplomatic meeting by July 31, 2026?",other,38,"volume spike (4x baseline) + $529 single trade (against YES, 48x typical)",calib,already holding (open ledger row)
2026-07-11T14:24:49Z,poly,0x05297f854d3b757d5e51a1a29c7f225a80b14b2a161d6b7f9a61677da7a80ced,Will Renan Santos win the 2026 Brazilian presidential election?,politics,38,"volume spike (4x baseline) + $579 single trade (against YES, 34x typical)",calib,too late: entry 0.89 > 0.85; score 38 < 40
2026-07-11T14:24:49Z,poly,0x8ecd1d15e521b7d1020ad5596cc981c8764e9dcfbc3648f582e1a5138aee7185,Will Beto O’Rourke win the 2028 Democratic presidential nomination?,politics,35,volume spike (19x baseline),calib,longshot: entry 0.01 < 0.05; resolves in 849d — too slow; score 35 < 40
2026-07-11T14:24:49Z,poly,0x253676d94edd8f3e92060410bec8bca9117890d117d06664d31867db0e396c56,Mojtaba Khamenei seen in public by July 31?,other,48,"volume spike (8x baseline) + $1,134 single trade (into YES, 195x typical)",calib,already holding (open ledger row)
2026-07-11T14:24:49Z,poly,0xbdf08297ec6e7c68cf8b24550f5fd2b648095bffa74495c732ce0a31222b1bbb,Will Hanwha Life Esports win MSI 2026?,other,95,"volume spike (37x baseline) + price jump +10c in 2.4h + $11,600 single trade (against YES, 873x typical)",calib,already holding (open ledger row)
2026-07-11T14:24:49Z,poly,0x636f780f794635820e8cafe81924ef2dd67622fc01b6b2e5e64e9cc99593a005,Will Iran announce withdrawal from MOU negotiations by July 31?,other,35,volume spike (6x baseline),calib,score 35 < 40
2026-07-11T14:24:49Z,poly,0xb783a7aaf31cb387a6d393bbdfd00cff1c7b6aeebb960931bfe0cb7483ed804a,Norway leading at halftime?,sports,33,volume spike (6x baseline),calib,resolves in 7h — no lag window; score 33 < 40
2026-07-11T14:24:49Z,poly,0x5fe50c3617f3a7385aaaa076897b60ca9312dfe67252b0581a688af31b7961ca,Will the US announce withdrawal from MOU negotiations by July 31?,other,35,volume spike (15x baseline),calib,score 35 < 40
2026-07-11T14:24:49Z,poly,0xa08a5ce99e14ce0b22767af6f16c08a2ab012249444c20887193a9a3e98e11fc,Strait of Hormuz traffic returns to normal by September 30?,other,38,"volume spike (4x baseline) + $1,104 single trade (into YES, 55x typical)",calib,score 38 < 40
2026-07-11T14:24:49Z,poly,0x1352df0d34b81488545f60ea310c9cdd2d86f50011555187713491422f630b77,Exact Score: Argentina 1 - 0 Switzerland?,sports,21,volume spike (3x baseline),calib,resolves in 11h — no lag window; score 21 < 40
2026-07-11T14:24:49Z,poly,0xf51fa8b8484ac74ba474fc0d82c67655cae2b4e17d10d74b8cce430f05dedc58,Will LeBron James play for the Denver Nuggets in 2026-27?,sports,35,volume spike (6x baseline),calib,too late: entry 0.99 > 0.85; resolves in 112d — too slow; score 35 < 40
2026-07-11T14:24:49Z,poly,0x1d79c04cc30eec6dde12303ec4e34a5673adb5c670bd91e2d44e10eacfb64ba5,Norway vs. England: Will the Match Go to a Penalty Shootout?,sports,26,volume spike (4x baseline),calib,resolves in 7h — no lag window; score 26 < 40
2026-07-11T14:24:49Z,poly,0x95fc6a4ed7f6856d26aa7f21b9f902d05c9cf76b616fd3463de4d147f7a9126b,Bab el-Mandeb Strait effectively closed by September 30?,other,35,volume spike (17x baseline),calib,too late: entry 0.89 > 0.85; score 35 < 40
2026-07-11T14:24:49Z,poly,0x08a68ae97395a7c4a88b9546491621b1c94dc82d77c7631616bee6beaa5ae972,"Will Elon Musk post 260-279 tweets from July 7 to July 14, 2026?",other,38,volume spike (4x baseline) + price jump +5c in 2.4h,calib,score 38 < 40
2026-07-11T14:24:49Z,poly,0xce3c54c3e773e8b3bf73e4c12af93205b21195d03b9c386e22f274b9acfc2c56,"Will Bitcoin dip to $50,000 by December 31, 2026?",crypto,35,volume spike (13x baseline),calib,resolves in 174d — too slow; score 35 < 40
2026-07-11T14:24:49Z,poly,0x4c63863c9f4449243981ae1748c5ee9d4d8c8f22e25f708a9afd4c86e124f360,Will WTI Crude Oil (WTI) hit (HIGH) $90 in July?,other,35,volume spike (8x baseline),calib,score 35 < 40
2026-07-11T14:24:49Z,poly,0x752fa61c93f16c4b15e85b0bd438d9c684176b0ea7b319a84c8aca34616e8a8c,"Will Bitcoin dip to $55,000 by December 31, 2026?",crypto,35,volume spike (79x baseline),calib,resolves in 174d — too slow; score 35 < 40
2026-07-11T14:24:49Z,poly,0xc65b037d40fd0d6783588e44ef94f712853e8b63186cda1f2213e529752f5cc4,"Will the next diplomatic US-Iran meeting be in Switzerland by September 30, 2026?",other,35,volume spike (7x baseline),calib,score 35 < 40
2026-07-11T14:24:49Z,poly,0xccf3bbf592a14e9f552972e8e91f287165db152a03b898f14f27bf016f48a66b,Jude Bellingham: 1+ goals,sports,30,volume spike (5x baseline),calib,resolves in 7h — no lag window; score 30 < 40
2026-07-11T14:24:49Z,poly,0x0f4d95f12e8537ecca25d475f1bdc1747692fb2f809bb66bda5ac9544e06fb61,Will Israeli forces withdraw from beyond the Litani River by December 31,other,35,volume spike (42x baseline),calib,resolves in 173d — too slow; score 35 < 40
2026-07-11T14:24:49Z,poly,0x83f5724151afc1545bcd34df014e1d5d43a591b668262bc07b9f4f8863970a91,Will Conor McGregor win by KO or TKO?,sports,35,volume spike (8x baseline),calib,resolves in 14h — no lag window; score 35 < 40
2026-07-11T14:24:49Z,poly,0x32f42493c8f05f46da6d8c6b6f7b75bab035e279c91ca19464053d84bc1f5a1f,Bank of Japan increases interest rates by 50+ bps after the July 2026 meeting?,other,35,volume spike (14x baseline),calib,longshot: entry 0.01 < 0.05; score 35 < 40
2026-07-11T14:24:49Z,poly,0x3ada778804b63d2ce73168b40519d6c8e44a1ef910ac984515de652cd05559d8,"Will the next GPT model released by OpenAI debut at a score of at least 1470 by December 31, 2026?",other,35,volume spike (52x baseline),calib,longshot: entry 0.01 < 0.05; resolves in 173d — too slow; score 35 < 40
2026-07-11T14:24:49Z,poly,0xac02cbb049e46d6a3627c0fdf52fa554982a9025d45968207b362acb6ca4b830,Will the Fed decrease interest rates by 25 bps after the September 2026 meeting?,other,19,volume spike (3x baseline),calib,longshot: entry 0.04 < 0.05; score 19 < 40
2026-07-11T14:24:49Z,poly,0xc9fb87e53db0da655ddee155cdbf4a77c47d73c912ac3cd6e35efbab1b6b282a,"Will 60 ships transit the Strait of Hormuz on any day by July 31, 2026?",other,35,volume spike (110x baseline),calib,score 35 < 40
2026-07-11T14:24:49Z,poly,0x0b0239149756e9cd15dbe0f9fbe295160075f26cd46ba3f537d932a3cc90ddae,Will the highest temperature in London be 27°C on July 11?,other,35,price jump +32c in 2.4h,calib,"not catchable: entry 7c above signal; thin: $254 depth < $2,000; score 35 < 40"
2026-07-11T14:24:49Z,poly,0xd25ca4fc73273e5d4b6bea24b4400fdfb63a46948e5a3f1873e861f1cb08aa64,"Will ""Moana"" Opening Weekend Box Office be greater than 44m?",entertainment,35,price jump -17c in 2.4h,calib,too late: entry 0.95 > 0.85; score 35 < 40
2026-07-11T14:24:49Z,poly,0x20208113a0bee764f7444ec2b8a90c1fd84bf2b7d0fb4d808c47da52b1521486,World Cup: Goalkeeper to Score?,sports,23,volume spike (4x baseline),calib,too late: entry 0.99 > 0.85; score 23 < 40
2026-07-11T14:24:49Z,poly,0x12aa595f4883b1a856dcf8155b87e89a8d098b5ad8a7781c75804fd13d166718,Israel closes its airspace by August 31?,other,35,volume spike (7x baseline),calib,score 35 < 40
2026-07-11T14:24:49Z,poly,0xb314f5dbf75919a34d4997e8b22e6793505e3377a690eaa11a75a2547e926bee,Will Ro Khanna win the 2028 US Presidential Election?,politics,35,volume spike (7x baseline),calib,longshot: entry 0.01 < 0.05; resolves in 849d — too slow; score 35 < 40
2026-07-11T14:24:49Z,poly,0xbca3d70ec52a5a441ccc365a3b1b48b9cd0f08dfff4bc5871e2cd92d0d92caa1,Will Ronaldo Caiado win the 2026 Brazilian presidential election?,politics,35,volume spike (11x baseline),calib,longshot: entry 0.02 < 0.05; score 35 < 40
2026-07-11T14:24:49Z,poly,0x2716a89ac0adb404b1651b2f8c153261ea28fddcc2523f6664638a5aeb0a77cb,No change in Bank of Japan’s interest rates after the July 2026 meeting?,other,35,volume spike (53x baseline),calib,longshot: entry 0.01 < 0.05; score 35 < 40
2026-07-11T14:24:49Z,poly,0x80b3af88cb991980e8da1ce86b9794a0957f96ec98c29319dd7ba65e9744d82b,Fed rate hike in 2026?,other,35,volume spike (27x baseline),calib,resolves in 150d — too slow; score 35 < 40
2026-07-11T14:24:49Z,poly,0xb12d5272fa7afee2252d16f367cb4a03ffcafe4224944b30a542e712897d97ad,"Will the next Grok model released by xAI debut at a score of at least 1460 by December 31, 2026?",other,35,volume spike (48x baseline),calib,too late: entry 0.98 > 0.85; resolves in 173d — too slow; score 35 < 40
2026-07-11T14:24:49Z,poly,0xbad91c213787a7542345b8abd72a1d55754987c47ba82ef5d4aa625ac046f024,Iran full airspace closure by August 31?,other,35,volume spike (20x baseline),calib,score 35 < 40
2026-07-11T14:24:49Z,poly,0xbe9d61d80c767264a0adc8a16453fbcaf0413e673e665cc7c14701691143fac0,"Will Ukraine recapture Crimean territory by December 31, 2026?",other,35,volume spike (105x baseline),calib,resolves in 172d — too slow; score 35 < 40
2026-07-11T14:24:49Z,poly,0x0a7df5d198e78b82e203ed9218a2039e9232626ae7a0582ea73c67e4bedd05af,Will fewer than 150 ships transit the Strait of Hormuz between July 6-July 12?,other,38,volume spike (4x baseline) + price jump +5c in 2.4h,calib,not catchable: entry 4c above signal; score 38 < 40
2026-07-11T14:24:49Z,poly,0xcfa5b3d9e618d3f7dbda457b95af3b45d23e53d5b90b7474638769d0003a30bf,Will WTI Crude Oil (WTI) hit (LOW) $60 in July?,other,35,volume spike (22x baseline),calib,too late: entry 0.94 > 0.85; score 35 < 40
2026-07-11T14:24:49Z,poly,0x4983676a02b716ac06245cf29ca8c50dc9ec1b398236073e863819674cc32e18,"Will the price of Bitcoin be above $62,000 on July 13?",crypto,35,volume spike (9x baseline),calib,score 35 < 40
2026-07-11T14:24:49Z,poly,0xa0e13ca95b90a932156c7d94597a5506f223841194ea3f7fb219e12b7a87eee5,"Will Bitcoin dip to $64,000 on July 11?",crypto,35,price jump -18c in 2.4h,calib,"not catchable: entry 5c above signal; thin: $107 depth < $2,000; resolves in 14h — no lag window; score 35 < 40"
2026-07-11T14:24:49Z,poly,0x777c36cb439b5a8cf54d2449c2d355f91fc50d7c076caad4deaf97c749489392,Will Manchester United win the 2026-27 English Premier League (EPL) Championship?,sports,35,volume spike (202x baseline),calib,too late: entry 0.88 > 0.85; resolves in 323d — too slow; score 35 < 40
2026-07-11T14:24:49Z,poly,0x985c20ed2bac3ebe1ad755016740e7af684bfb0b9b510856caa00de3944ff33e,Exact Score: Argentina 2 - 3 Switzerland?,sports,62,"volume spike (4x baseline) + $9,890 single trade (against YES, 2203x typical) + repeat actor (4 flags)",calib,duplicate leg of alerted event: Exact Score: Argentina 3 - 2 Switzerland?
2026-07-11T14:24:49Z,poly,0xee73598fe623e4ef90bcbad595ac90c365854cb8ea234a8b8d6f4fed74bfb660,Exact Score: Argentina 2 - 2 Switzerland?,sports,50,"volume spike (3x baseline) + $4,790 single trade (against YES, 1261x typical) + repeat actor (5 flags)",calib,duplicate leg of alerted event: Exact Score: Argentina 3 - 2 Switzerland?
2026-07-11T14:24:49Z,poly,0x1f5ed2af66a46fe492001aba482f8196112a6ce4946f5159525b30e9ccc4ac60,Exact Score: Argentina 2 - 1 Switzerland?,sports,44,"volume spike (4x baseline) + $1,893 single trade (into YES, 398x typical) + out of character (18x this wallet's typical size)",calib,duplicate leg of alerted event: Exact Score: Argentina 3 - 2 Switzerland?
2026-07-11T14:24:49Z,poly,0x1d6ecd46e3809e8aba1aba23429a2ab77236f895704e18f7f466e68aeebaa307,Exact Score: Argentina 1 - 1 Switzerland?,sports,44,"volume spike (5x baseline) + $520 single trade (into YES, 113x typical)",calib,duplicate leg of alerted event: Exact Score: Argentina 3 - 2 Switzerland?
2026-07-11T14:24:49Z,poly,0x7162118722a6abe965c964e8c694ff0f232221d9bb2263bd92e5902633381893,Kharg Island no longer under Iranian control by July 31?,other,62,"volume spike (11x baseline) + $3,798 single trade (into YES, 760x typical) + out of character (8x this wallet's typical size)",calib,monitor cap for this run
2026-07-11T14:24:49Z,poly,0xace3c72c24fccb6731433483ece41c780432d84850edccd5a6bf3147ccea62a9,Will the US confirm that aliens exist by September 30?,other,61,"volume spike (4x baseline) + $1,149 single trade (against YES, 115x typical) + fresh wallet (<3d old) loading up + out of character (1153x this wallet's typical size)",calib,monitor cap for this run
2026-07-11T14:24:49Z,poly,0xd604981d817e4aba8a375457f41a6109c724c1ab8246d3c27a83f01a53f34f48,"Will the price of Ethereum be above $1,800 on July 11?",crypto,58,volume spike (4x baseline) + price jump +26c in 2.4h,calib,monitor cap for this run
2026-07-11T14:24:49Z,kalshi,KXLOVEISLANDUSARANK-26AUG31R2-TRBR,Love Island USA S8: 2nd place couple — Trinity and Bryce,entertainment,50,price jump -14c in 2.4h + outsized impact (13x baseline move-per-volume),calib,monitor cap for this run
2026-07-11T14:24:49Z,poly,0xeee4eed57180948422c259a91e74d8a6742c65878181ca9ca122975ed11d2b48,"Will Samuel Alito announce his retirement by July 15, 2026?",other,50,"volume spike (249x baseline) + $1,823 single trade (into YES, 367x typical)",calib,monitor cap for this run
2026-07-11T14:24:49Z,poly,0x6389dc74e27218b50657af632dbca4c5005d241c760bd979944bcd0d68493380,President Trump to Attend World Cup Final?,sports,50,"volume spike (18x baseline) + $2,181 single trade (into YES, 1246x typical)",calib,monitor cap for this run
2026-07-11T14:24:49Z,poly,0x3a869359895989c1dee6f920c203f12791f03c206e86ce48353c46626ee743b1,Will WTI Crude Oil (WTI) hit (HIGH) $85 in July?,other,49,"volume spike (7x baseline) + $1,572 single trade (against YES, 151x typical)",calib,monitor cap for this run
2026-07-11T14:24:49Z,poly,0x3f656230866732b8d6f7ecb64313786ae988a21c416960bfceac00f693637f9f,Erling Haaland: 1+ goals,sports,48,"volume spike (4x baseline) + $1,058 single trade (into YES, 106x typical) + out of character (20x this wallet's typical size)",calib,monitor cap for this run
2026-07-11T14:24:49Z,poly,0xd92bc27584a025ecd9d7dc273fca9321a725436fa5f3be0a21cc1b94a7cd1207,Lionel Messi: 1+ goals,sports,48,"volume spike (6x baseline) + $759 single trade (against YES, 76x typical)",calib,monitor cap for this run
2026-07-11T14:24:49Z,poly,0x915489b259ded8c2197beb12a5af741bec45ce053ad11ca062d4e4cf12a86650,Nigma Galaxy to win 2-0?,sports,48,price jump +30c in 2.4h + outsized impact (8x baseline move-per-volume),calib,monitor cap for this run
2026-07-11T14:24:49Z,poly,0x4c325469d9b516ef4e6b8f73a81a12607dec075e3c2fd454f91765aaeafc4760,Will Pete Buttigieg win the 2028 Democratic presidential nomination?,politics,47,"volume spike (167x baseline) + $531 single trade (into YES, 16x typical)",calib,monitor cap for this run
2026-07-11T14:24:49Z,poly,0x086013bff1b8a3a5ccd79397212c4249e6dfbc30ebe2af6302c1672139090d4d,Exact Score: Norway 1 - 1 England?,sports,45,"volume spike (4x baseline) + $1,560 single trade (into YES, 226x typical) + out of character (85x this wallet's typical size)",calib,monitor cap for this run
2026-07-11T14:24:49Z,poly,0x6c486242e79252cc0bb57163a3b8d95e3b9538ea6a1de2e91848beeb5c6ad986,Iran full airspace closure by July 15?,other,43,"volume spike (5x baseline) + $2,200 single trade (against YES, 220x typical)",calib,monitor cap for this run
2026-07-11T14:24:49Z,poly,0x05ec6874762eab8b8fb5456bbc784b8e93ace110970b299ab520bdf9fd1d5c0e,Exact Score: Argentina 3 - 2 Switzerland?,sports,83,"volume spike (6x baseline) + $12,533 single trade (against YES, 2507x typical) + repeat actor (3 flags) + out of character (1256x this wallet's typical size)",calib,MONITOR alert sent; gated: too late: entry 0.98 > 0.85; resolves in 11h — no lag window
2026-07-11T14:24:49Z,poly,0x4717bcfd9bcefb3a3a2d67603de458a12c70055b749a507eb86a6de205da03e9,Norway vs. England: Draw at halftime?,sports,64,"volume spike (12x baseline) + $8,973 single trade (into YES, 987x typical)",calib,MONITOR alert sent; gated: resolves in 7h — no lag window
2026-07-11T14:24:49Z,kalshi,KXPGATOP20-GESO26-THAT,Genesis Scottish Open: Top 20 Finishers — Tyrrell Hatton,sports,62,volume spike (10x baseline) + price jump -8c in 2.4h,calib,MONITOR alert sent; gated: thin: $123 depth < $500
